UserID;ScenarioID;controlMode;requestID;elapsedTimeSinceAccess;distanceTravelledSinceLastLog;distanceToEndOfInstructedPath;lengthOfCurrentInstructedPath;lengthOfCurrentInstructedInputPath;distanceToEnd;vehiclePosition;vehicleSpeed;constructionSiteEntered;endReached;closestLane;currentLaneDeviation;timeOfCollisionAvoidanceTraffic;timeOfCollisionAvoidanceObstacle;timeOfCollisionAvoidancePedestrian;amountOfAdditionInput;amountOfAdditionMarkers;amountOfSnapToMiddleInput;amountOfSnapToMiddleMarkers;amountOfReadjustmentInput;timeSinceLastInput;currentlyNeglectedTime;blindTimeSum;isMainRequest;isSecondaryRequest;totalRequestAmount;sideOfConstructionSite;
DB06;12;Waypoint;1;0,0;0,01827567;202,0183;196,9147;196,9147;599,7175;(0.00, -0.44, 0.00);0;False;False;1;0,2369704;0,00;0,00;0,00;0;0;0;0;0;0,0;0,0;0,0;False;False;4;Left;
DB06;12;Waypoint;1;0,1;0,01345466;202,0048;196,9147;196,9147;599,704;(0.00, -0.44, 0.01);0,5327093;False;False;1;0,236981;0,00;0,00;0,00;0;0;0;0;0;0,1;0,0;0,0;False;False;4;Left;
DB06;12;Waypoint;1;0,2;0,04689643;201,9579;196,9147;196,9147;599,6572;(-0.02, -0.44, 0.05);1,365475;False;False;1;0,2363853;0,00;0,00;0,00;0;0;0;0;0;0,2;0,0;0,0;False;False;4;Left;
DB06;12;Waypoint;1;0,3;0,06611185;201,8918;196,9147;196,9147;599,5911;(-0.03, -0.44, 0.11);2,544435;False;False;1;0,2361038;0,00;0,00;0,00;0;0;0;0;0;0,3;0,0;0,0;False;False;4;Left;
DB06;12;Waypoint;1;0,4;0,1070053;201,7848;196,9147;196,9147;599,4841;(-0.06, -0.44, 0.19);3,354568;False;False;1;0,2344456;0,00;0,00;0,00;0;0;0;0;0;0,4;0,0;0,0;False;False;4;Left;
DB06;12;Waypoint;1;0,5;0,1413939;201,6435;196,9147;196,9147;599,3428;(-0.10, -0.44, 0.31);4,077426;False;False;1;0,2327282;0,00;0,00;0,00;0;0;0;0;0;0,5;0,0;0,0;False;False;4;Left;
DB06;12;Waypoint;1;0,6;0,1496254;201,4939;196,9147;196,9147;599,1933;(-0.15, -0.44, 0.44);5,483433;False;False;1;0,2296897;0,00;0,00;0,00;0;0;0;0;0;0,6;0,0;0,0;False;False;4;Left;
DB06;12;Waypoint;1;0,7;0,2113713;201,2826;196,9147;196,9147;598,9822;(-0.21, -0.44, 0.61);6,505134;False;False;1;0,2250134;0,00;0,00;0,00;0;0;0;0;0;0,7;0,0;0,0;False;False;4;Left;
DB06;12;Waypoint;1;0,8;0,2532083;201,0296;196,9147;196,9147;598,7291;(-0.28, -0.44, 0.82);7,78888;False;False;1;0,2182019;0,00;0,00;0,00;0;0;0;0;0;0,8;0,0;0,0;False;False;4;Left;
DB06;12;Waypoint;1;0,9;0,2532758;200,7765;196,9147;196,9147;598,4763;(-0.35, -0.44, 1.03);8,96244;False;False;1;0,2099971;0,00;0,00;0,00;0;0;0;0;0;0,9;0,0;0,0;False;False;4;Left;
DB06;12;Waypoint;1;1,0;0,2883259;200,4884;196,9147;196,9147;598,1884;(-0.44, -0.44, 1.27);10,4152;False;False;1;0,1999305;0,00;0,00;0,00;0;0;0;0;0;1,0;0,0;0,0;False;False;4;Left;
DB06;12;Waypoint;1;1,1;0,3844002;200,1042;196,3433;196,3433;597,8043;(-0.55, -0.44, 1.58);11,9683;False;False;1;0,1917486;0,00;0,00;0,00;0;0;0;0;0;1,1;0,0;0,0;False;False;4;Left;
DB06;12;Waypoint;1;1,2;0,4382335;199,666;195,7718;195,7718;597,3663;(-0.67, -0.44, 1.95);13,39354;False;False;1;0,1849285;0,00;0,00;0,00;0;0;0;0;0;1,2;0,0;0,0;False;False;4;Left;
DB06;12;Waypoint;1;1,3;0,42074;199,2454;195,2004;195,2004;596,9459;(-0.78, -0.44, 2.30);15,09332;False;False;1;0,1791801;0,00;0,00;0,00;0;0;0;0;0;1,3;0,0;0,0;False;False;4;Left;
DB06;12;Waypoint;1;1,4;0,5434067;198,7021;194,629;194,629;596,4028;(-0.93, -0.44, 2.75);16,77423;False;False;1;0,1723029;0,00;0,00;0,00;0;0;0;0;0;1,4;0,0;0,0;False;False;4;Left;
DB06;12;Waypoint;1;1,5;0,5986185;198,1036;194,0576;194,0576;595,8045;(-1.10, -0.44, 3.25);18,44712;False;False;1;0,1647571;0,00;0,00;0,00;0;0;0;0;0;1,5;0,0;0,0;False;False;4;Left;
DB06;12;Waypoint;1;1,6;0,5572813;197,5464;193,4862;193,4862;595,2476;(-1.25, -0.44, 3.71);19,86776;False;False;1;0,1579339;0,00;0,00;0,00;0;0;0;0;0;1,6;0,0;0,0;False;False;4;Left;
DB06;12;Waypoint;1;1,7;0,701631;196,8449;192,9148;192,9148;594,5463;(-1.45, -0.44, 4.29);21,50958;False;False;1;0,1492906;0,00;0,00;0,00;0;0;0;0;0;1,7;0,0;0,0;False;False;4;Left;
DB06;12;Waypoint;1;1,8;0,7557179;196,0894;191,7719;191,7719;593,791;(-1.66, -0.44, 4.92);23,14823;False;False;1;0,1399074;0,00;0,00;0,00;0;0;0;0;0;1,8;0,0;0,0;False;False;4;Left;
DB06;12;Waypoint;1;1,9;0,6912197;195,3983;191,2005;191,2005;593,1001;(-1.85, -0.44, 5.49);24,53469;False;False;1;0,131402;0,00;0,00;0,00;0;0;0;0;0;1,9;0,0;0,0;False;False;4;Left;
DB06;12;Waypoint;1;2,0;0,8558189;194,5426;190,0575;190,0575;592,2447;(-2.08, -0.44, 6.20);26,14543;False;False;1;0,1205341;0,00;0,00;0,00;0;0;0;0;0;2,0;0,0;0,0;False;False;4;Left;
DB06;12;Waypoint;1;2,1;0,910082;193,6327;188,9147;188,9147;591,3353;(-2.33, -0.44, 6.96);27,74188;False;False;1;0,1093824;0,00;0,00;0,00;0;0;0;0;0;2,1;0,0;0,0;False;False;4;Left;
DB06;12;Waypoint;1;2,2;0,8215839;192,8113;188,3433;188,3433;590,5141;(-2.56, -0.44, 7.64);29,10138;False;False;1;0,09915336;0,00;0,00;0,00;0;0;0;0;0;2,2;0,0;0,0;True;False;4;Left;
DB06;12;Waypoint;1;2,3;1,007493;191,804;187,2004;187,2004;589,5071;(-2.84, -0.44, 8.48);30,66677;False;False;1;0,08621745;0,00;0,00;0,00;0;0;0;0;0;2,3;0,0;0,0;True;False;4;Left;
DB06;12;Waypoint;1;2,4;1,059859;190,7444;186,0575;186,0575;588,4478;(-3.13, -0.44, 9.36);32,24585;False;False;1;0,07367198;0,00;0,00;0,00;0;0;0;0;0;2,4;0,0;0,0;True;False;4;Left;
DB06;12;Waypoint;1;2,5;1,111475;189,6331;184,9147;184,9147;587,3369;(-3.44, -0.44, 10.28);33,57038;False;False;1;0,05999169;0,00;0,00;0,00;0;0;0;0;0;2,5;0,0;0,0;True;False;4;Left;
DB06;12;Waypoint;1;2,6;1,163753;188,4696;183,7719;183,7719;586,1738;(-3.76, -0.44, 11.25);35,11774;False;False;1;0,04766284;0,00;0,00;0,00;0;0;0;0;0;2,6;0,0;0,0;True;False;4;Left;
DB06;12;Waypoint;1;2,7;1,213781;187,2561;182,6291;182,6291;584,9606;(-4.09, -0.44, 12.25);36,4214;False;False;1;0,03557001;0,00;0,00;0,00;0;0;0;0;0;2,7;0,0;0,0;True;False;4;Left;
DB06;12;Waypoint;1;2,8;0,897862;186,3584;181,4862;181,4862;584,0632;(-4.34, -0.44, 13.00);37,913;False;False;1;0,03099995;0,00;0,00;0,00;0;0;0;0;0;2,8;0,0;0,0;True;False;4;Left;
DB06;12;Waypoint;1;2,9;1,298419;185,0603;179,772;179,772;582,7656;(-4.70, -0.44, 14.08);39,3785;False;False;1;0,03072698;0,00;0,00;0,00;0;0;0;0;0;2,9;0,0;0,0;True;False;4;Left;
DB06;12;Waypoint;1;3,0;1,347234;183,7134;178,6292;178,6292;581,419;(-5.07, -0.44, 15.20);40,80781;False;False;1;0,0421079;0,00;0,00;0,00;0;0;0;0;0;3,0;0,0;0,0;True;False;4;Left;
DB06;12;Waypoint;1;3,1;1,192009;182,5216;177,4864;177,4864;580,2277;(-5.40, -0.44, 16.19);42,024;False;False;1;0,05600828;0,00;0,00;0,00;0;0;0;0;0;3,1;0,0;0,0;True;False;4;Left;
DB06;12;Waypoint;1;3,2;1,433526;181,0884;175,7722;175,7722;578,7949;(-5.79, -0.44, 17.38);43,40748;False;False;1;0,07460083;0,00;0,00;0,00;0;0;0;0;0;3,2;0,0;0,0;True;False;4;Left;
DB06;12;Waypoint;1;3,3;1,47954;179,6092;174,6294;174,6294;577,3161;(-6.20, -0.44, 18.61);44,7552;False;False;1;0,0968559;0,00;0,00;0,00;0;0;0;0;0;3,3;0,0;0,0;True;False;4;Left;
DB06;12;Waypoint;1;3,4;1,523634;178,086;172,9152;172,9152;575,7934;(-6.62, -0.44, 19.87);45,71212;False;False;1;0,1199885;0,00;0,00;0,00;0;0;0;0;0;3,4;0,0;0,0;True;False;4;Left;
DB06;12;Waypoint;1;3,5;1,340638;176,7456;171,2009;171,2009;574,4534;(-6.99, -0.44, 20.98);47,20002;False;False;1;0,1417215;0,00;0,00;0,00;0;0;0;0;0;3,5;0,0;0,0;True;False;4;Left;
DB06;12;Waypoint;1;3,6;1,604059;175,142;169,4867;169,4867;572,8502;(-7.43, -0.44, 22.32);48,47736;False;False;1;0,1690553;0,00;0,00;0,00;0;0;0;0;0;3,6;0,0;0,0;True;False;4;Left;
DB06;12;Waypoint;1;3,7;1,645226;173,4971;168,3439;168,3439;571,2059;(-7.88, -0.44, 23.68);49,53112;False;False;1;0,1946561;0,00;0,00;0,00;0;0;0;0;0;3,7;0,0;0,0;True;False;4;Left;
DB06;12;Waypoint;1;3,8;1,685961;171,8112;166,6297;166,6297;569,5202;(-8.33, -0.44, 25.09);50,57595;False;False;1;0,2032868;0,00;0,00;0,00;0;0;0;0;0;3,8;0,0;0,0;True;False;4;Left;
DB06;12;Waypoint;1;3,9;1,477294;170,3339;164,9154;164,9154;568,043;(-8.72, -0.44, 26.32);51,97279;False;False;1;0,2044792;0,00;0,00;0,00;0;0;0;0;0;3,9;0,0;0,0;True;False;4;Left;
DB06;12;Waypoint;1;4,0;1,760722;168,5732;163,201;163,201;566,2825;(-9.17, -0.44, 27.79);53,00136;False;False;1;0,2057593;0,00;0,00;0,00;0;0;0;0;0;4,0;0,0;0,0;True;False;4;Left;
DB06;12;Waypoint;1;4,1;1,801897;166,7713;161,4868;161,4868;564,4808;(-9.64, -0.44, 29.30);54,2108;False;False;1;0,208144;0,00;0,00;0,00;0;0;0;0;0;4,1;0,0;0,0;True;False;4;Left;
DB06;12;Waypoint;1;4,2;1,575519;165,1958;159,2011;159,2011;562,9055;(-10.06, -0.44, 30.62);55,41176;False;False;1;0,2109918;0,00;0,00;0,00;0;0;0;0;0;4,2;0,0;0,0;True;False;4;Left;
DB06;12;Waypoint;1;4,3;1,874556;163,3213;158,0583;158,0583;561,0311;(-10.55, -0.44, 32.18);56,41555;False;False;1;0,2145241;0,00;0,00;0,00;0;0;0;0;0;4,3;0,0;0,0;True;False;4;Left;
DB06;12;Waypoint;1;4,4;1,914409;161,4069;155,7728;155,7728;559,117;(-11.05, -0.44, 33.78);57,58548;False;False;1;0,2189145;0,00;0,00;0,00;0;0;0;0;0;4,4;0,0;0,0;True;False;4;Left;
DB06;12;Waypoint;1;4,5;1,952476;159,4545;154,0585;154,0585;557,1648;(-11.56, -0.44, 35.41);58,57547;False;False;1;0,2232;0,00;0,00;0,00;0;0;0;0;0;4,5;0,0;0,0;True;False;4;Left;
DB06;12;Waypoint;1;4,6;1,41834;158,0362;152,3443;152,3443;555,7467;(-11.93, -0.44, 36.59);59,73514;False;False;1;0,2264636;0,00;0,00;0,00;0;0;0;0;0;4,6;0,0;0,0;True;False;4;Left;
DB06;12;Waypoint;1;4,7;2,017438;156,0188;150,0586;150,0586;553,7294;(-12.46, -0.44, 38.28);60,85222;False;False;1;0,2309567;0,00;0,00;0,00;0;0;0;0;0;4,7;0,0;0,0;True;False;4;Left;
DB06;12;Waypoint;1;4,8;2,054806;153,964;147,7729;147,7729;551,6749;(-13.00, -0.44, 39.99);61,96524;False;False;1;0,2362306;0,00;0,00;0,00;0;0;0;0;0;4,8;0,0;0,0;True;False;4;Left;
DB06;12;Waypoint;1;4,9;1,790153;152,174;146,0586;146,0586;549,8851;(-13.47, -0.44, 41.49);62,90744;False;False;1;0,2409808;0,00;0,00;0,00;0;0;0;0;0;4,9;0,0;0,0;True;False;4;Left;
DB06;12;Waypoint;1;5,0;2,121869;150,0521;143,773;143,773;547,7635;(-14.03, -0.44, 43.26);63,95773;False;False;1;0,2464351;0,00;0,00;0,00;0;0;0;0;0;5,0;0,0;0,0;True;False;4;Left;
DB06;12;Waypoint;1;5,1;2,157738;147,8945;142,0587;142,0587;545,6061;(-14.59, -0.44, 45.06);65,02607;False;False;1;0,2525049;0,00;0,00;0,00;0;0;0;0;0;5,1;0,0;0,0;True;False;4;Left;
DB06;12;Waypoint;1;5,2;2,192572;145,702;139,7729;139,7729;543,4139;(-15.17, -0.44, 46.89);65,95226;False;False;1;0,2585496;0,00;0,00;0,00;0;0;0;0;0;5,2;0,0;0,0;True;False;4;Left;
DB06;12;Waypoint;1;5,3;2,227846;143,4742;138,0586;138,0586;541,1863;(-15.76, -0.44, 48.75);66,84271;False;False;1;0,2648859;0,00;0,00;0,00;0;0;0;0;0;5,3;0,0;0,0;True;False;4;Left;
DB06;12;Waypoint;1;5,4;1,936504;141,5377;135,7729;135,7729;539,2501;(-16.27, -0.44, 50.36);67,99692;False;False;1;0,2706711;0,00;0,00;0,00;0;0;0;0;0;5,4;0,0;0,0;True;False;4;Left;
DB06;12;Waypoint;1;5,5;2,290436;139,2474;133,4871;133,4871;536,9601;(-16.87, -0.44, 52.28);68,87504;False;False;1;0,277341;0,00;0,00;0,00;0;0;0;0;0;5,5;0,0;0,0;True;False;4;Left;
DB06;12;Waypoint;1;5,6;2,324003;136,9234;131,2013;131,2013;534,6364;(-17.48, -0.44, 54.21);69,84579;False;False;1;0,2837837;0,00;0,00;0,00;0;0;0;0;0;5,6;0,0;0,0;True;False;4;Left;
DB06;12;Waypoint;1;5,7;2,0174;134,9061;128,9155;128,9155;532,6191;(-18.00, -0.44, 55.90);70,66717;False;False;1;0,2758788;0,00;0,00;0,00;0;0;0;0;0;5,7;0,0;0,0;True;False;4;Left;
DB06;12;Waypoint;1;5,8;2,041224;132,8648;126,6299;126,6299;530,5779;(-18.51, -0.44, 57.61);71,66022;False;False;1;0,2584442;0,00;0,00;0,00;0;0;0;0;0;5,8;0,0;0,0;True;False;4;Left;
DB06;12;Waypoint;1;5,9;2,411884;130,453;124,3442;124,3442;528,1661;(-19.12, -0.44, 59.63);72,66377;False;False;1;0,234092;0,00;0,00;0,00;0;0;0;0;0;5,9;0,0;0,0;True;False;4;Left;
DB06;12;Waypoint;1;6,0;2,445224;128,0078;122,0585;122,0585;525,7208;(-19.73, -0.44, 61.68);73,6516;False;False;1;0,209609;0,00;0,00;0,00;0;0;0;0;0;6,0;0,0;0,0;True;False;4;Left;
DB06;12;Waypoint;1;6,1;2,12209;125,8857;119,7728;119,7728;523,5988;(-20.27, -0.44, 63.46);74,49971;False;False;1;0,1887113;0,00;0,00;0,00;0;0;0;0;0;6,1;0,0;0,0;True;False;4;Left;
DB06;12;Waypoint;1;6,2;2,506391;123,3794;117,487;117,487;521,0923;(-20.90, -0.44, 65.56);75,46285;False;False;1;0,1648811;0,00;0,00;0,00;0;0;0;0;0;6,2;0,0;0,0;True;False;4;Left;
DB06;12;Waypoint;1;6,3;2,53965;120,8398;114,6299;114,6299;518,5528;(-21.54, -0.44, 67.69);76,44228;False;False;1;0,1424184;0,00;0,00;0,00;0;0;0;0;0;6,3;0,0;0,0;True;False;4;Left;
DB06;12;Waypoint;1;6,4;2,571567;118,2682;112,9155;112,9155;515,9811;(-22.19, -0.44, 69.84);77,14788;False;False;1;0,1207583;0,00;0,00;0,00;0;0;0;0;0;6,4;0,0;0,0;True;False;4;Left;
DB06;12;Waypoint;1;6,5;2,230609;116,0377;110,0583;110,0583;513,7506;(-22.75, -0.44, 71.71);78,27036;False;False;1;0,1034845;0,00;0,00;0,00;0;0;0;0;0;6,5;0,0;0,0;True;False;4;Left;
DB06;12;Waypoint;1;6,6;2,632695;113,405;107,2012;107,2012;511,1179;(-23.41, -0.44, 73.92);79,24754;False;False;1;0,08525688;0,00;0,00;0,00;0;0;0;0;0;6,6;0,0;0,0;True;False;4;Left;
DB06;12;Waypoint;1;6,7;2,663249;110,7418;104,9155;104,9155;508,4547;(-24.09, -0.44, 76.15);79,9388;False;False;1;0,06788634;0,00;0,00;0,00;0;0;0;0;0;6,7;0,0;0,0;True;False;4;Left;
DB06;12;Waypoint;1;6,8;2,290414;108,4514;102,6298;102,6298;506,1643;(-24.67, -0.44, 78.07);80,12935;False;False;1;0,05432938;0,00;0,00;0,00;0;0;0;0;0;6,8;0,0;0,0;True;False;4;Left;
DB06;12;Waypoint;1;6,9;2,672529;105,7789;99,77269;99,77269;503,4919;(-25.34, -0.44, 80.31);80,1209;False;False;1;0,04154399;0,00;0,00;0,00;0;0;0;0;0;6,9;0,0;0,0;True;False;4;Left;
DB06;12;Waypoint;1;7,0;2,671975;103,1069;97,48695;97,48695;500,82;(-26.02, -0.44, 82.55);80,28958;False;False;1;0,03027062;0,00;0,00;0,00;0;0;0;0;0;7,0;0,0;0,0;True;False;4;Left;
DB06;12;Waypoint;1;7,1;2,289806;100,8172;94,62971;94,62971;498,5302;(-26.59, -0.44, 84.46);80,11986;False;False;1;0,02627386;0,00;0,00;0,00;0;0;0;0;0;7,1;0,0;0,0;True;False;4;Left;
DB06;12;Waypoint;1;7,2;2,672036;98,14516;92,34409;92,34409;495,8582;(-27.27, -0.44, 86.70);80,17129;False;False;1;0,03190054;0,00;0,00;0,00;0;0;0;0;0;7,2;0,0;0,0;True;False;4;Left;
DB06;12;Waypoint;1;7,3;2,672016;95,47318;90,05833;90,05833;493,1861;(-27.94, -0.44, 88.94);80,17125;False;False;1;0,04259304;0,00;0,00;0,00;0;0;0;0;0;7,3;0,0;0,0;True;False;4;Left;
DB06;12;Waypoint;1;7,4;2,67263;92,80059;87,20127;87,20127;490,5135;(-28.62, -0.44, 91.18);80,27722;False;False;1;0,05988932;0,00;0,00;0,00;0;0;0;0;0;7,4;0,0;0,0;True;False;4;Left;
DB06;12;Waypoint;1;7,5;2,28998;90,51064;84,34393;84,34393;488,2236;(-29.20, -0.44, 93.10);80,12288;False;False;1;0,07268178;0,00;0,00;0,00;0;0;0;0;0;7,5;0,0;0,0;True;False;4;Left;
DB06;12;Waypoint;1;7,6;2,289847;88,22083;82,05806;82,05806;485,9339;(-29.78, -0.44, 95.02);80,16675;False;False;1;0,08561738;0,00;0,00;0,00;0;0;0;0;0;7,6;0,0;0,0;True;False;4;Left;
DB06;12;Waypoint;1;7,7;2,671963;85,54891;79,77222;79,77222;483,2619;(-30.45, -0.44, 97.25);80,17825;False;False;1;0,09935463;0,00;0,00;0,00;0;0;0;0;0;7,7;0,0;0,0;True;False;4;Left;
DB06;12;Waypoint;1;7,8;2,672804;82,87616;76,91498;76,91498;480,5892;(-31.13, -0.44, 99.49);80,13924;False;False;1;0,1142767;0,00;0,00;0,00;0;0;0;0;0;7,8;0,0;0,0;True;False;4;Left;
DB06;12;Waypoint;1;7,9;2,6711;80,20512;74,62917;74,62917;477,9181;(-31.80, -0.44, 101.73);80,12064;False;False;1;0,1284063;0,00;0,00;0,00;0;0;0;0;0;7,9;0,0;0,0;True;False;4;Left;
DB06;12;Waypoint;1;8,0;2,290134;77,91502;71,77198;71,77198;475,6279;(-32.38, -0.44, 103.65);80,11919;False;False;1;0,1407582;0,00;0,00;0,00;0;0;0;0;0;8,0;0,0;0,0;True;False;4;Left;
DB06;12;Waypoint;1;8,1;2,67227;75,24281;69,48623;69,48623;472,9557;(-33.06, -0.44, 105.89);80,1105;False;False;1;0,1551628;0,00;0,00;0,00;0;0;0;0;0;8,1;0,0;0,0;True;False;4;Left;
DB06;12;Waypoint;1;8,2;2,671655;72,57122;67,20054;67,20054;470,2841;(-33.73, -0.44, 108.13);80,11129;False;False;1;0,1693111;0,00;0,00;0,00;0;0;0;0;0;8,2;0,0;0,0;True;False;4;Left;
DB06;12;Waypoint;1;8,3;2,29002;70,28126;64,34344;64,34344;467,9942;(-34.31, -0.44, 110.04);80,11667;False;False;1;0,181435;0,00;0,00;0,00;0;0;0;0;0;8,3;0,0;0,0;True;False;4;Left;
DB06;12;Waypoint;1;8,4;2,671695;67,60963;61,48639;61,48639;465,3225;(-34.99, -0.44, 112.28);80,15902;False;False;1;0,1957334;0,00;0,00;0,00;0;0;0;0;0;8,4;0,0;0,0;True;False;4;Left;
DB06;12;Waypoint;1;8,5;2,671542;64,93816;59,20081;59,20081;462,6509;(-35.66, -0.44, 114.52);80,15903;False;False;1;0,2094105;0,00;0,00;0,00;0;0;0;0;0;8,5;0,0;0,0;True;False;4;Left;
DB06;12;Waypoint;1;8,6;2,671695;62,26655;56,91525;56,91525;459,9792;(-36.34, -0.44, 116.76);80,15718;False;False;1;0,2234031;0,00;0,00;0,00;0;0;0;0;0;8,6;0,0;0,0;True;False;4;Left;
DB06;12;Waypoint;1;8,7;2,671501;59,59514;54,62969;54,62969;457,3079;(-37.01, -0.44, 119.00);80,10728;False;False;1;0,2370002;0,00;0,00;0,00;0;0;0;0;0;8,7;0,0;0,0;True;False;4;Left;
DB06;12;Waypoint;1;8,8;1,907926;105,44;99,64916;0;455,3999;(-37.50, -0.44, 120.60);80,15491;False;False;1;0,2469525;0,00;0,00;0,00;1;1;1;1;0;0,0;0,0;0,0;True;False;4;Left;
DB06;12;Waypoint;1;8,9;2,671942;102,7681;97,05344;0;452,728;(-38.17, -0.44, 122.83);80,18505;False;False;1;0,2603352;0,00;0,00;0,00;1;1;1;1;0;0,1;0,0;0,0;True;False;4;Left;
DB06;12;Waypoint;1;9,0;2,67225;100,0959;94,31011;0;450,0558;(-38.85, -0.44, 125.07);80,28677;False;False;1;0,2737275;0,00;0,00;0,00;1;1;1;1;0;0,2;0,0;0,0;True;False;4;Left;
DB06;12;Waypoint;1;9,1;2,289867;97,80607;92,02401;0;447,766;(-39.43, -0.44, 126.99);80,17113;False;False;1;0,2850551;0,00;0,00;0,00;1;1;1;1;0;0,3;0,0;0,0;True;False;4;Left;
DB06;12;Waypoint;1;9,2;2,671942;95,13417;89,28069;0;445,094;(-40.10, -0.44, 129.23);80,11819;False;False;1;0,2979979;0,00;0,00;0,00;1;1;1;1;0;0,4;0,0;0,0;True;False;4;Left;
DB06;12;Waypoint;1;9,3;2,672824;92,46141;86,53736;0;442,4213;(-40.78, -0.44, 131.47);80,14277;False;False;1;0,3110578;0,00;0,00;0,00;1;1;1;1;0;0,5;0,0;0,0;True;False;4;Left;
DB06;12;Waypoint;1;9,4;2,67108;89,79038;84,25126;0;439,7502;(-41.45, -0.44, 133.70);80,12407;False;False;1;0,3238074;0,00;0,00;0,00;1;1;1;1;0;0,6;0,0;0,0;True;False;4;Left;
DB06;12;Waypoint;1;9,5;2,290154;87,50028;81,73655;0;437,4602;(-42.03, -0.44, 135.62);80,12287;False;False;1;0,3346399;0,00;0,00;0,00;1;1;1;1;0;0,7;0,0;0,0;True;False;4;Left;
DB06;12;Waypoint;1;9,6;2,671963;84,82838;78,99322;0;434,7882;(-42.71, -0.44, 137.86);80,16576;False;False;1;0,3475611;0,00;0,00;0,00;1;1;1;1;0;0,8;0,0;0,0;True;False;4;Left;
DB06;12;Waypoint;1;9,7;2,671963;82,15649;76,70712;0;432,1162;(-43.38, -0.44, 140.10);80,27281;False;False;1;0,3600074;0,00;0,00;0,00;1;1;1;1;0;0,9;0,0;0,0;True;False;4;Left;
DB06;12;Waypoint;1;9,8;2,672229;79,48434;74,42101;0;429,4441;(-44.06, -0.44, 142.34);80,16355;False;False;1;0,3727743;0,00;0,00;0,00;1;1;1;1;0;1,0;0,0;0,0;True;False;4;Left;
DB06;12;Waypoint;1;9,9;2,289733;77,19468;71,4491;0;427,1543;(-44.64, -0.44, 144.26);80,1631;False;False;1;0,3837493;0,00;0,00;0,00;1;1;1;1;0;1,1;0,0;0,0;True;False;4;Left;
DB06;12;Waypoint;1;10,0;2,672076;74,52268;69,16303;0;424,4824;(-45.31, -0.44, 146.49);80,10993;False;False;1;0,3963952;0,00;0,00;0,00;1;1;1;1;0;1,2;0,0;0,0;True;False;4;Left;
DB06;12;Waypoint;1;10,1;2,290461;72,23229;66,41975;0;422,1919;(-45.89, -0.44, 148.41);80,17295;False;False;1;0,4066704;0,00;0,00;0,00;1;1;1;1;0;1,3;0,0;0,0;True;False;4;Left;
DB06;12;Waypoint;1;10,2;2,672096;69,5603;63,67646;0;419,5199;(-46.56, -0.44, 150.65);80,10963;False;False;1;0,4167585;0,00;0,00;0,00;1;1;1;1;0;1,4;0,0;0,0;True;False;4;Left;
DB06;12;Waypoint;1;10,3;2,671562;94,3169;88,91004;27,42855;416,8484;(-47.24, -0.44, 152.89);80,26216;False;False;1;0,4263912;0,00;0,00;0,00;2;2;2;2;0;0,0;0,0;0,0;True;False;4;Left;
DB06;12;Waypoint;1;10,4;2,672229;91,64474;86,46673;27,42855;414,1761;(-47.92, -0.44, 155.13);80,17054;False;False;1;0,4357781;0,00;0,00;0,00;2;2;2;2;0;0,1;0,0;0,0;True;False;4;Left;
DB06;12;Waypoint;1;10,5;2,289867;89,35493;83,49554;27,42855;411,8863;(-48.49, -0.44, 157.05);80,16853;False;False;1;0,4438937;0,00;0,00;0,00;2;2;2;2;0;0,2;0,0;0,0;True;False;4;Left;
DB06;12;Waypoint;1;10,6;2,671963;86,68304;81,21001;27,42855;409,2144;(-49.17, -0.44, 159.28);80,14268;False;False;1;0,4529963;0,00;0,00;0,00;2;2;2;2;0;0,3;0,0;0,0;True;False;4;Left;
DB06;12;Waypoint;1;10,7;2,671963;84,01116;78,46735;27,42855;406,5425;(-49.85, -0.44, 161.52);80,16989;False;False;1;0,4621932;0,00;0,00;0,00;2;2;2;2;0;0,4;0,0;0,0;True;False;4;Left;
DB06;12;Waypoint;1;10,8;2,289867;81,72137;75,95325;27,42855;404,2526;(-50.42, -0.44, 163.44);80,16509;False;False;1;0,469943;0,00;0,00;0,00;2;2;2;2;0;0,5;0,0;0,0;True;False;4;Left;
DB06;12;Waypoint;1;10,9;2,671942;79,04951;73,6677;27,42855;401,5808;(-51.10, -0.44, 165.68);80,16469;False;False;1;0,4789654;0,00;0,00;0,00;2;2;2;2;0;0,6;0,0;0,0;True;False;4;Left;
DB06;12;Waypoint;1;11,0;2,671942;76,37766;70,92501;27,42855;398,9088;(-51.77, -0.44, 167.92);80,16201;True;False;1;0,4880011;0,00;0,00;0,00;2;2;2;2;0;0,7;0,0;0,0;True;False;4;Left;
DB06;12;Waypoint;1;11,1;2,289619;74,08813;68,18233;27,42855;396,6192;(-52.35, -0.44, 169.84);80,15979;True;False;1;0,4955378;0,00;0,00;0,00;2;2;2;2;0;0,8;0,0;0,0;True;False;4;Left;
DB06;12;Waypoint;1;11,2;2,671522;71,41672;65,89677;27,42855;393,9478;(-53.03, -0.44, 172.07);80,15966;True;False;1;0,5042338;0,00;0,00;0,00;2;2;2;2;0;0,9;0,0;0,0;True;False;4;Left;
DB06;12;Waypoint;1;11,3;2,671715;68,74512;63,38264;27,42855;391,2761;(-53.70, -0.44, 174.31);80,11149;True;False;1;0,5127253;0,00;0,00;0,00;2;2;2;2;0;1,0;0,0;0,0;True;False;4;Left;
DB06;12;Waypoint;1;11,4;2,622113;66,12312;61,09708;27,42855;388,6541;(-54.37, -0.44, 176.51);79,10596;True;False;1;0,5209993;0,00;0,00;0,00;2;2;2;2;0;1,1;0,0;0,0;True;False;4;Left;
DB06;12;Waypoint;1;11,5;1,75051;96,36623;90,57951;59,42632;386,9035;(-54.81, -0.44, 177.97);72,58416;True;False;1;0,5212883;0,00;0,00;0,00;3;3;3;3;0;0,1;0,0;0,0;True;False;4;Left;
DB06;12;Waypoint;1;11,6;2,286592;94,07964;88,15841;59,42632;384,617;(-55.40, -0.44, 179.89);67,4537;True;False;1;0,5170912;0,00;0,00;0,00;3;3;3;3;0;0,2;0,0;0,0;True;False;4;Left;
DB06;12;Waypoint;1;11,7;2,274068;91,80559;85,87211;59,42632;382,3432;(-55.99, -0.44, 181.79);68,54112;True;False;1;0,4997078;0,00;0,00;0,00;3;3;3;3;0;0,3;0,0;0,0;True;False;4;Left;
DB06;12;Waypoint;1;11,8;2,309404;89,49618;84,04308;59,42632;380,0339;(-56.58, -0.44, 183.72);69,42715;True;False;1;0,4923322;0,00;0,00;0,00;3;3;3;3;0;0,4;0,0;0,0;True;False;4;Left;
DB06;12;Waypoint;1;11,9;2,292202;87,20399;81,75677;59,42632;377,7418;(-57.17, -0.44, 185.64);68,23415;True;False;1;0,485634;0,00;0,00;0,00;3;3;3;3;0;0,5;0,0;0,0;True;False;4;Left;
DB06;12;Waypoint;1;12,0;1,891281;85,31271;79,47047;59,42632;375,8506;(-57.66, -0.44, 187.22);66,38811;True;False;1;0,4806271;0,00;0,00;0,00;3;3;3;3;0;0,6;0,0;0,0;True;False;4;Left;
DB06;12;Waypoint;1;12,1;1,916615;83,3961;77,64144;59,42632;373,9341;(-58.15, -0.44, 188.82);67,31655;True;False;1;0,4756929;0,00;0,00;0,00;3;3;3;3;0;0,7;0,0;0,0;True;False;4;Left;
DB06;12;Waypoint;1;12,2;2,267915;81,12818;75,35516;59,42632;371,6663;(-58.73, -0.44, 190.72);68,32848;True;False;1;0,470086;0,00;0,00;0,00;3;3;3;3;0;0,8;0,0;0,0;True;False;4;Left;
DB06;12;Waypoint;1;12,3;2,302603;78,82558;73,06887;59,42632;369,3637;(-59.32, -0.44, 192.64);69,37798;True;False;1;0,4648209;0,00;0,00;0,00;3;3;3;3;0;0,9;0,0;0,0;True;False;4;Left;
DB06;12;Waypoint;1;12,4;2,329507;76,49608;71,01121;59,42632;367,0344;(-59.92, -0.44, 194.59);70,06757;True;False;1;0,4596258;0,00;0,00;0,00;3;3;3;3;0;1,0;0,0;0,0;True;False;4;Left;
DB06;12;Waypoint;1;12,5;2,245379;74,25073;69,18218;59,42632;364,7893;(-60.50, -0.44, 196.47);66,92324;True;False;1;0,4457768;0,00;0,00;0,00;3;3;3;3;0;1,1;0,0;0,0;True;False;4;Left;
DB06;12;Waypoint;1;12,6;1,932509;72,31851;66,43864;59,42632;362,8573;(-61.02, -0.44, 198.08);68,06712;True;False;1;0,4112685;0,00;0,00;0,00;3;3;3;3;0;1,2;0,0;0,0;True;False;4;Left;
DB06;12;Waypoint;1;12,7;2,119296;70,19973;64,6096;59,42632;360,739;(-61.60, -0.44, 199.84);62,7098;True;False;1;0,3647836;0,00;0,00;0,00;3;3;3;3;0;1,3;0,0;0,0;True;False;4;Left;
DB06;12;Waypoint;1;12,8;1,654071;68,54613;62,78053;59,42632;359,0857;(-62.06, -0.44, 201.21);56,65715;True;False;1;0,3260283;0,00;0,00;0,00;3;3;3;3;0;1,4;0,0;0,0;True;False;4;Left;
DB06;12;Waypoint;1;12,9;1,749847;66,79683;61,40869;59,42632;357,3367;(-62.54, -0.44, 202.67);51,65488;True;False;1;0,2846784;0,00;0,00;0,00;3;3;3;3;0;1,5;0,0;0,0;True;False;4;Left;
DB06;12;Waypoint;1;13,0;1,388842;65,40842;60,03711;59,42632;355,9485;(-62.92, -0.44, 203.82);48,52482;True;False;1;0,2525832;0,00;0,00;0,00;3;3;3;3;0;1,6;0,0;0,0;True;False;4;Left;
DB06;12;Waypoint;1;13,1;1,648297;63,76064;58,2835;58,2835;354,301;(-63.37, -0.44, 205.19);49,81855;True;False;1;0,2157241;0,00;0,00;0,00;3;3;3;3;0;1,7;0,0;0,0;True;False;4;Left;
DB06;12;Waypoint;1;13,2;1,624808;99,91847;94,35229;94,35229;352,6769;(-63.81, -0.44, 206.54);47,50785;True;False;1;0,1801603;0,00;0,00;0,00;4;4;4;4;0;0,0;0,0;0,0;True;False;4;Left;
DB06;12;Waypoint;1;13,3;1,38102;98,53802;93,20943;93,20943;351,2964;(-64.19, -0.44, 207.69);48,6316;True;False;1;0,1506767;0,00;0,00;0,00;4;4;4;4;0;0,1;0,0;0,0;True;False;4;Left;
DB06;12;Waypoint;1;13,4;1,652651;96,88605;91,49534;91,49534;349,6445;(-64.64, -0.44, 209.07);49,96785;True;False;1;0,1157391;0,00;0,00;0,00;4;4;4;4;0;0,2;0,0;0,0;True;False;4;Left;
DB06;12;Waypoint;1;13,5;1,698006;95,18877;89,78124;89,78124;347,9472;(-65.10, -0.44, 210.48);51,29868;True;False;1;0,0815726;0,00;0,00;0,00;4;4;4;4;0;0,3;0,0;0,0;True;False;4;Left;
DB06;12;Waypoint;1;13,6;1,489928;93,69948;88,06709;88,06709;346,4578;(-65.51, -0.44, 211.72);52,43822;True;False;1;0,05338933;0,00;0,00;0,00;4;4;4;4;0;0,4;0,0;0,0;True;False;4;Left;
DB06;12;Waypoint;1;13,7;1,778367;91,92191;86,35298;86,35298;344,6802;(-65.99, -0.44, 213.20);53,71652;True;False;1;0,02808735;0,00;0,00;0,00;4;4;4;4;0;0,5;0,0;0,0;True;False;4;Left;
DB06;12;Waypoint;1;13,8;1,820853;90,10189;84,06751;84,06751;342,86;(-66.49, -0.44, 214.71);54,98513;True;False;1;0,04160965;0,00;0,00;0,00;4;4;4;4;0;0,6;0,0;0,0;True;False;4;Left;
DB06;12;Waypoint;1;13,9;1,861529;88,24126;82,92478;82,92478;340,9993;(-66.99, -0.44, 216.26);55,85295;True;False;1;0,07473435;0,00;0,00;0,00;4;4;4;4;0;0,7;0,0;0,0;True;False;4;Left;
DB06;12;Waypoint;1;14,0;1,627796;86,61427;80,63889;80,63889;339,3721;(-67.44, -0.44, 217.61);57,22092;True;False;1;0,1069804;0,00;0,00;0,00;4;4;4;4;0;0,8;0,0;0,0;True;False;4;Left;
DB06;12;Waypoint;1;14,1;1,935338;84,67995;78,92448;78,92448;337,4377;(-67.96, -0.44, 219.22);58,38544;True;False;1;0,1471275;0,00;0,00;0,00;4;4;4;4;0;0,9;0,0;0,0;True;False;4;Left;
DB06;12;Waypoint;1;14,2;1,973345;82,70768;77,21006;77,21006;335,4651;(-68.50, -0.44, 220.86);59,37529;True;False;1;0,1879634;0,00;0,00;0,00;4;4;4;4;0;1,0;0,0;0,0;True;False;4;Left;
DB06;12;Waypoint;1;14,3;2,010428;80,69812;74,92419;74,92419;333,4553;(-69.04, -0.44, 222.54);60,31648;True;False;1;0,2214067;0,00;0,00;0,00;4;4;4;4;0;1,1;0,0;0,0;True;False;4;Left;
DB06;12;Waypoint;1;14,4;1,751306;78,94701;73,20971;73,20971;331,7039;(-69.49, -0.44, 224.00);61,54518;True;False;1;0,2250801;0,00;0,00;0,00;4;4;4;4;0;1,2;0,0;0,0;True;False;4;Left;
DB06;12;Waypoint;1;14,5;1,778289;77,16878;70,92386;70,92386;329,9258;(-69.93, -0.44, 225.49);62,46618;True;False;1;0,2156782;0,00;0,00;0,00;4;4;4;4;0;1,3;0,0;0,0;True;False;4;Left;
DB06;12;Waypoint;1;14,6;2,108142;75,06068;69,20963;69,20963;327,8176;(-70.45, -0.44, 227.26);63,55935;True;False;1;0,2009104;0,00;0,00;0,00;4;4;4;4;0;1,4;0,0;0,0;True;False;4;Left;
DB06;12;Waypoint;1;14,7;2,145342;72,91538;66,92416;66,92416;325,6723;(-70.99, -0.44, 229.06);64,68017;True;False;1;0,186799;0,00;0,00;0,00;4;4;4;4;0;1,5;0,0;0,0;True;False;4;Left;
DB06;12;Waypoint;1;14,8;2,181304;70,73414;65,21006;65,21006;323,4909;(-71.53, -0.44, 230.89);65,60979;True;False;1;0,1733296;0,00;0,00;0,00;4;4;4;4;0;1,6;0,0;0,0;True;False;4;Left;
DB06;12;Waypoint;1;14,9;2,217425;68,51679;62,92431;62,92431;321,2734;(-72.08, -0.44, 232.75);66,5286;True;False;1;0,1619452;0,00;0,00;0,00;4;4;4;4;0;1,7;0,0;0,0;True;False;4;Left;
DB06;12;Waypoint;1;15,0;2,251971;96,87469;91,2671;91,2671;319,0215;(-72.65, -0.44, 234.64);67,55514;True;False;1;0,1518502;0,00;0,00;0,00;5;5;5;5;0;0,1;0,0;0,0;True;False;4;Left;
DB06;12;Waypoint;1;15,1;1,630312;95,2448;88,98124;88,98124;317,3913;(-73.05, -0.44, 236.01);68,62611;True;False;1;0,1459591;0,00;0,00;0,00;5;5;5;5;0;0,2;0,0;0,0;True;False;4;Left;
DB06;12;Waypoint;1;15,2;2,3114;92,93402;86,69536;86,69536;315,0798;(-73.63, -0.44, 237.94);69,64908;True;False;1;0,1381468;0,00;0,00;0,00;5;5;5;5;0;0,3;0,0;0,0;True;False;4;Left;
DB06;12;Waypoint;1;15,3;2,291742;90,64295;84,4094;84,4094;312,7881;(-74.21, -0.44, 239.87);67,26225;True;False;1;0,1324318;0,00;0,00;0,00;5;5;5;5;0;0,4;0,0;0,0;True;False;4;Left;
DB06;12;Waypoint;1;15,4;2,203322;88,44032;83,26641;83,26641;310,5848;(-74.76, -0.44, 241.71);66,06075;True;False;1;0,1286915;0,00;0,00;0,00;5;5;5;5;0;0,5;0,0;0,0;True;False;4;Left;
DB06;12;Waypoint;1;15,5;2,18263;86,25841;80,98055;80,98055;308,4021;(-75.31, -0.44, 243.54);65,85992;True;False;1;0,1269117;0,00;0,00;0,00;5;5;5;5;0;0,6;0,0;0,0;True;False;4;Left;
DB06;12;Waypoint;1;15,6;1,717881;84,5411;78,69492;78,69492;306,6843;(-75.74, -0.44, 244.98);58,84183;True;False;1;0,1259581;0,00;0,00;0,00;5;5;5;5;0;0,7;0,0;0,0;True;False;4;Left;
DB06;12;Waypoint;1;15,7;1,819515;82,72215;76,98274;76,98274;304,8647;(-76.19, -0.44, 246.51);53,80253;True;False;1;0,1242808;0,00;0,00;0,00;5;5;5;5;0;0,8;0,0;0,0;True;False;4;Left;
DB06;12;Waypoint;1;15,8;1,63072;81,09156;75,84003;75,84003;303,2342;(-76.58, -0.44, 247.88);47,96412;True;False;1;0,1075719;0,00;0,00;0,00;5;5;5;5;0;0,9;0,0;0,0;True;False;4;Left;
DB06;12;Waypoint;1;15,9;1,589246;79,50232;74,69708;74,69708;301,6453;(-76.95, -0.44, 249.22);47,64556;True;False;1;0,08679309;0,00;0,00;0,00;5;5;5;5;0;1,0;0,0;0,0;True;False;4;Left;
DB06;12;Waypoint;1;16,0;1,160659;78,34167;72,98267;72,98267;300,4849;(-77.21, -0.44, 250.20);48,92087;True;False;1;0,07798761;0,00;0,00;0,00;5;5;5;5;0;1,1;0,0;0,0;True;False;4;Left;
DB06;12;Waypoint;1;16,1;1,655166;76,68652;71,26823;71,26823;298,8301;(-77.59, -0.44, 251.60);50,19825;True;False;1;0,06295205;0,00;0,00;0,00;5;5;5;5;0;1,2;0,0;0,0;True;False;4;Left;
DB06;12;Waypoint;1;16,2;1,591908;75,09462;69,55379;69,55379;297,2385;(-77.96, -0.44, 252.94);47,87898;True;False;1;0,05144325;0,00;0,00;0,00;5;5;5;5;0;1,3;0,0;0,0;True;False;4;Left;
DB06;12;Waypoint;1;16,3;1,627114;73,46753;68,41081;68,41081;295,6117;(-78.34, -0.44, 254.32);48,8203;True;False;1;0,04431705;0,00;0,00;0,00;5;5;5;5;0;1,4;0,0;0,0;True;False;4;Left;
DB06;12;Waypoint;1;16,4;1,424235;72,04332;66,6964;66,6964;294,1878;(-78.67, -0.44, 255.52);50,32828;True;False;1;0,0443674;0,00;0,00;0,00;5;5;5;5;0;1,5;0,0;0,0;True;False;4;Left;
DB06;12;Waypoint;1;16,5;1,531722;70,51163;64,98201;64,98201;292,6563;(-79.03, -0.44, 256.81);44,37463;True;False;1;0,05034365;0,00;0,00;0,00;5;5;5;5;0;1,6;0,0;0,0;True;False;4;Left;
DB06;12;Waypoint;1;16,6;1,348859;69,16281;64,41055;64,41055;291,3076;(-79.34, -0.44, 257.95);39,72007;True;False;1;0,06385948;0,00;0,00;0,00;5;5;5;5;0;1,7;0,0;0,0;True;False;4;Left;
DB06;12;Waypoint;1;16,7;1,219644;67,94321;63,26761;63,26761;290,0882;(-79.63, -0.44, 258.98);36,27769;True;False;1;0,08374793;0,00;0,00;0,00;5;5;5;5;0;1,8;0,0;0,0;True;False;4;Left;
DB06;12;Waypoint;1;16,8;1,250986;66,69225;62,12468;62,12468;288,8374;(-79.92, -0.44, 260.03);37,56259;True;False;1;0,1061226;0,00;0,00;0,00;5;5;5;5;0;1,9;0,0;0,0;True;False;4;Left;
DB06;12;Waypoint;1;16,9;1,06412;112,7042;108,0579;108,0579;287,7734;(-80.17, -0.44, 260.93);36,77799;True;False;1;0,1274994;0,00;0,00;0,00;6;6;6;6;0;0,1;0,0;0,0;True;False;4;Left;
DB06;12;Waypoint;1;17,0;1,083245;111,6209;106,9151;106,9151;286,6904;(-80.42, -0.44, 261.84);38,22651;True;False;1;0,1498407;0,00;0,00;0,00;6;6;6;6;0;0,2;0,0;0,0;True;False;4;Left;
DB06;12;Waypoint;1;17,1;1,308532;110,3125;105,2008;105,2008;285,382;(-80.73, -0.44, 262.94);39,67998;True;False;1;0,1763351;0,00;0,00;0,00;6;6;6;6;0;0,3;0,0;0,0;True;False;4;Left;
DB06;12;Waypoint;1;17,2;1,15986;109,1526;104,0579;104,0579;284,2224;(-81.00, -0.44, 263.92);40,90173;True;False;1;0,1978038;0,00;0,00;0,00;6;6;6;6;0;0,4;0,0;0,0;True;False;4;Left;
DB06;12;Waypoint;1;17,3;1,39701;107,7557;102,3436;102,3436;282,8255;(-81.32, -0.44, 265.10);42,29956;True;False;1;0,2271555;0,00;0,00;0,00;6;6;6;6;0;0,5;0,0;0,0;True;False;4;Left;
DB06;12;Waypoint;1;17,4;1,442313;106,3134;101,2007;101,2007;281,3834;(-81.66, -0.44, 266.32);43,66695;True;False;1;0,2378916;0,00;0,00;0,00;6;6;6;6;0;0,6;0,0;0,0;True;False;4;Left;
DB06;12;Waypoint;1;17,5;1,487769;104,8257;100,0579;100,0579;279,8959;(-82.01, -0.44, 267.57);44,62815;True;False;1;0,2248409;0,00;0,00;0,00;6;6;6;6;0;0,7;0,0;0,0;True;False;4;Left;
DB06;12;Waypoint;1;17,6;1,309872;103,5159;98,34352;98,34352;278,5863;(-82.32, -0.44, 268.68);46,13412;True;False;1;0,2060105;0,00;0,00;0,00;6;6;6;6;0;0,8;0,0;0,0;True;False;4;Left;
DB06;12;Waypoint;1;17,7;1,56841;101,9476;96,62914;96,62914;277,018;(-82.68, -0.44, 270.00);47,41729;True;False;1;0,1800809;0,00;0,00;0,00;6;6;6;6;0;0,9;0,0;0,0;True;False;4;Left;
DB06;12;Waypoint;1;17,8;1,611102;100,3365;94,91476;94,91476;275,4073;(-83.06, -0.44, 271.36);48,49881;True;False;1;0,1489176;0,00;0,00;0,00;6;6;6;6;0;1,0;0,0;0,0;True;False;4;Left;
DB06;12;Waypoint;1;17,9;1,619161;98,71761;93,77184;93,77184;273,7881;(-83.45, -0.44, 272.72);49,54989;True;False;1;0,1165701;0,00;0,00;0,00;6;6;6;6;0;1,1;0,0;0,0;True;False;4;Left;
DB06;12;Waypoint;1;18,0;1,25774;97,46033;92,05752;92,05752;272,5305;(-83.76, -0.44, 273.77);42,85875;True;False;1;0,09375293;0,00;0,00;0,00;6;6;6;6;0;1,2;0,0;0,0;True;False;4;Left;
DB06;12;Waypoint;1;18,1;1,300508;96,16034;91,48608;91,48608;271,2299;(-84.08, -0.44, 274.87);38,30156;True;False;1;0,06875091;0,00;0,00;0,00;6;6;6;6;0;1,3;0,0;0,0;True;False;4;Left;
DB06;12;Waypoint;1;18,2;1,17094;94,98987;90,34454;90,34454;270,059;(-84.37, -0.44, 275.85);34,82222;True;False;1;0,0479886;0,00;0,00;0,00;6;6;6;6;0;1,4;0,0;0,0;True;False;4;Left;
DB06;12;Waypoint;1;18,3;1,026349;93,96391;89,20158;89,20158;269,0327;(-84.63, -0.44, 276.71);36,24047;True;False;1;0,03151198;0,00;0,00;0,00;6;6;6;6;0;1,5;0,0;0,0;True;False;4;Left;
DB06;12;Waypoint;1;18,4;1,06145;92,90282;88,05861;88,05861;267,9711;(-84.89, -0.44, 277.60);37,45562;True;False;1;0,03040943;0,00;0,00;0,00;6;6;6;6;0;1,6;0,0;0,0;True;False;4;Left;
DB06;12;Waypoint;1;18,5;1,281807;91,62147;86,91566;86,91566;266,6894;(-85.21, -0.44, 278.68);38,86185;True;False;1;0,04999801;0,00;0,00;0,00;6;6;6;6;0;1,7;0,0;0,0;True;False;4;Left;
DB06;12;Waypoint;1;18,6;1,328754;130,9579;125,8889;125,8889;265,3606;(-85.53, -0.44, 279.79);40,24681;True;False;1;0,07627367;0,00;0,00;0,00;7;7;7;7;0;0,1;0,0;0,0;True;False;4;Left;
DB06;12;Waypoint;1;18,7;1,374323;129,5837;124,7459;124,7459;263,9862;(-85.87, -0.44, 280.95);41,23867;True;False;1;0,1024617;0,00;0,00;0,00;7;7;7;7;0;0,2;0,0;0,0;True;False;4;Left;
DB06;12;Waypoint;1;18,8;1,214671;128,3692;123,0317;123,0317;262,7717;(-86.17, -0.44, 281.97);42,80848;True;False;1;0,1267484;0,00;0,00;0,00;7;7;7;7;0;0,3;0,0;0,0;True;False;4;Left;
DB06;12;Waypoint;1;18,9;1,429473;126,9398;121,8888;121,8888;261,3422;(-86.52, -0.44, 283.17);42,08863;True;False;1;0,1508299;0,00;0,00;0,00;7;7;7;7;0;0,4;0,0;0,0;True;False;4;Left;
DB06;12;Waypoint;1;19,0;1,269403;125,6706;120,7459;120,7459;260,0728;(-86.83, -0.44, 284.23);37,3572;True;False;1;0,1629712;0,00;0,00;0,00;7;7;7;7;0;0,5;0,0;0,0;True;False;4;Left;
DB06;12;Waypoint;1;19,1;1,097562;124,5731;120,1744;120,1744;258,9752;(-87.10, -0.44, 285.16);32,93266;True;False;1;0,1648815;0,00;0,00;0,00;7;7;7;7;0;0,6;0,0;0,0;True;False;4;Left;
DB06;12;Waypoint;1;19,2;0,8749284;123,6983;119,0316;119,0316;258,1003;(-87.31, -0.44, 285.89);30,87463;True;False;1;0,1617997;0,00;0,00;0,00;7;7;7;7;0;0,7;0,0;0,0;True;False;4;Left;
DB06;12;Waypoint;1;19,3;1,065865;122,6326;117,8889;117,8889;257,0345;(-87.57, -0.44, 286.79);32,18663;True;False;1;0,1526968;0,00;0,00;0,00;7;7;7;7;0;0,8;0,0;0,0;True;False;4;Left;
DB06;12;Waypoint;1;19,4;0,8854826;121,7472;117,3174;117,3174;256,149;(-87.79, -0.44, 287.53);29,79288;True;False;1;0,1415417;0,00;0,00;0,00;7;7;7;7;0;0,9;0,0;0,0;True;False;4;Left;
DB06;12;Waypoint;1;19,5;1,028209;120,7191;116,1744;116,1744;255,1208;(-88.04, -0.44, 288.39);31,05001;True;False;1;0,1264264;0,00;0,00;0,00;7;7;7;7;0;1,0;0,0;0,0;True;False;4;Left;
DB06;12;Waypoint;1;19,6;0,9222545;119,7969;115,0315;115,0315;254,1985;(-88.27, -0.44, 289.17);32,61798;True;False;1;0,1106956;0,00;0,00;0,00;7;7;7;7;0;1,1;0,0;0,0;True;False;4;Left;
DB06;12;Waypoint;1;19,7;1,018588;118,7785;114,4601;114,4601;253,1799;(-88.52, -0.44, 290.02);30,16681;True;False;1;0,09160896;0,00;0,00;0,00;7;7;7;7;0;1,2;0,0;0,0;True;False;4;Left;
DB06;12;Waypoint;1;19,8;1,042522;117,7361;113,3171;113,3171;252,1375;(-88.78, -0.44, 290.90);31,72034;True;False;1;0,07036408;0,00;0,00;0,00;7;7;7;7;0;1,3;0,0;0,0;True;False;4;Left;
DB06;12;Waypoint;1;19,9;1,063622;116,6726;112,1742;112,1742;251,0738;(-89.04, -0.44, 291.79);32,81427;True;False;1;0,04748133;0,00;0,00;0,00;7;7;7;7;0;1,4;0,0;0,0;True;False;4;Left;
DB06;12;Waypoint;1;20,0;0,8646669;115,808;111,0313;111,0313;250,2091;(-89.25, -0.44, 292.52);30,55593;True;False;1;0,03273008;0,00;0,00;0,00;7;7;7;7;0;1,5;0,0;0,0;True;False;4;Left;
DB06;12;Waypoint;1;20,1;1,054906;114,7532;109,8885;109,8885;249,1543;(-89.51, -0.44, 293.40);31,85604;True;False;1;0,03145495;0,00;0,00;0,00;7;7;7;7;0;1,6;0,0;0,0;True;False;4;Left;
DB06;12;Waypoint;1;20,2;0,9425644;156,2832;151,8319;151,8319;248,2118;(-89.74, -0.44, 294.20);33,31351;True;False;1;0,05824762;0,00;0,00;0,00;8;8;8;8;0;0,1;0,0;0,0;True;False;4;Left;
DB06;12;Waypoint;1;20,3;1,144269;155,1391;150,689;150,689;247,0676;(-90.00, -0.44, 295.16);34,72208;True;False;1;0,08889513;0,00;0,00;0,00;8;8;8;8;0;0,2;0,0;0,0;True;False;4;Left;
DB06;12;Waypoint;1;20,4;1,190688;153,949;148,9747;148,9747;245,8778;(-90.26, -0.44, 296.17);36,12487;True;False;1;0,1017016;0,00;0,00;0,00;8;8;8;8;0;0,3;0,0;0,0;True;False;4;Left;
DB06;12;Waypoint;1;20,5;1,237686;152,7123;148,4033;148,4033;244,6414;(-90.52, -0.44, 297.22);37,12523;True;False;1;0,1063407;0,00;0,00;0,00;8;8;8;8;0;0,4;0,0;0,0;True;False;4;Left;
DB06;12;Waypoint;1;20,6;1,09806;151,6151;146,6892;146,6892;243,5444;(-90.75, -0.44, 298.15);38,72816;True;False;1;0,1138365;0,00;0,00;0,00;8;8;8;8;0;0,5;0,0;0,0;True;False;4;Left;
DB06;12;Waypoint;1;20,7;1,32361;150,2924;145,5464;145,5464;242,2218;(-91.04, -0.44, 299.28);40,11086;True;False;1;0,1269784;0,00;0,00;0,00;8;8;8;8;0;0,6;0,0;0,0;True;False;4;Left;
DB06;12;Waypoint;1;20,8;1,369581;148,9237;143,8323;143,8323;240,8533;(-91.33, -0.44, 300.44);41,08316;True;False;1;0,1445812;0,00;0,00;0,00;8;8;8;8;0;0,7;0,0;0,0;True;False;4;Left;
DB06;12;Waypoint;1;20,9;1,209129;147,7153;142,6894;142,6894;239,6453;(-91.59, -0.44, 301.47);42,6069;True;False;1;0,1596069;0,00;0,00;0,00;8;8;8;8;0;0,8;0,0;0,0;True;False;4;Left;
DB06;12;Waypoint;1;21,0;1,450866;146,2661;140,9749;140,9749;238,1963;(-91.89, -0.44, 302.70);43,9033;True;False;1;0,1617587;0,00;0,00;0,00;8;8;8;8;0;0,9;0,0;0,0;True;False;4;Left;
DB06;12;Waypoint;1;21,1;1,494878;144,7733;139,7635;139,7635;236,7036;(-92.19, -0.44, 303.97);45,02311;True;False;1;0,1578534;0,00;0,00;0,00;8;8;8;8;0;1,0;0,0;0,0;True;False;4;Left;
DB06;12;Waypoint;1;21,2;1,537392;143,238;138,0491;138,0491;235,1685;(-92.50, -0.44, 305.28);46,31765;True;False;1;0,1537926;0,00;0,00;0,00;8;8;8;8;0;1,1;0,0;0,0;True;False;4;Left;
DB06;12;Waypoint;1;21,3;1,580516;141,6596;136,9062;136,9062;233,5903;(-92.82, -0.44, 306.63);47,41699;True;False;1;0,1516988;0,00;0,00;0,00;8;8;8;8;0;1,2;0,0;0,0;True;False;4;Left;
DB06;12;Waypoint;1;21,4;1,154407;140,5067;135,192;135,192;232,4376;(-93.06, -0.44, 307.61);48,68218;True;False;1;0,1504962;0,00;0,00;0,00;8;8;8;8;0;1,3;0,0;0,0;True;False;4;Left;
DB06;12;Waypoint;1;21,5;1,653298;138,8556;133,4779;133,4779;230,7865;(-93.39, -0.44, 309.02);49,96408;True;False;1;0,1497313;0,00;0,00;0,00;8;8;8;8;0;1,4;0,0;0,0;True;False;4;Left;
DB06;12;Waypoint;1;21,6;1,616241;137,2415;131,7637;131,7637;229,1725;(-93.72, -0.44, 310.39);47,74517;True;False;1;0,1480098;0,00;0,00;0,00;8;8;8;8;0;1,5;0,0;0,0;True;False;4;Left;
DB06;12;Waypoint;1;21,7;1,388072;135,8553;130,6209;130,6209;227,7862;(-94.01, -0.44, 311.57);48,86431;True;False;1;0,1453339;0,00;0,00;0,00;8;8;8;8;0;1,6;0,0;0,0;True;False;4;Left;
DB06;12;Waypoint;1;21,8;1,659478;134,1981;128,9066;128,9066;226,129;(-94.35, -0.44, 312.98);50,15844;True;False;1;0,1388947;0,00;0,00;0,00;8;8;8;8;0;1,7;0,0;0,0;True;False;4;Left;
DB06;12;Waypoint;1;21,9;1,56389;132,6365;127,1922;127,1922;224,5672;(-94.67, -0.44, 314.31);45,33518;True;False;1;0,130941;0,00;0,00;0,00;8;8;8;8;0;1,8;0,0;0,0;True;False;4;Left;
DB06;12;Waypoint;1;22,0;1,381518;131,257;126,6208;126,6208;223,1876;(-94.95, -0.44, 315.49);41,46268;True;False;1;0,1235174;0,00;0,00;0,00;8;8;8;8;0;1,9;0,0;0,0;True;False;4;Left;
DB06;12;Waypoint;1;22,1;1,058022;130,2006;125,4779;125,4779;222,131;(-95.16, -0.44, 316.39);36,27528;True;False;1;0,119411;0,00;0,00;0,00;8;8;8;8;0;2,0;0,0;0,0;True;False;4;Left;
DB06;12;Waypoint;1;22,2;1,244939;128,9577;124,335;124,335;220,8879;(-95.42, -0.44, 317.45);37,74978;True;False;1;0,1168052;0,00;0,00;0,00;8;8;8;8;0;2,1;0,0;0,0;True;False;4;Left;
DB06;12;Waypoint;1;22,3;1,220391;127,7392;123,1921;123,1921;219,6692;(-95.67, -0.44, 318.49);35,72164;True;False;1;0,1155583;0,00;0,00;0,00;8;8;8;8;0;2,2;0,0;0,0;True;False;4;Left;
DB06;12;Waypoint;1;22,4;1,025317;126,7156;122,0492;122,0492;218,6453;(-95.87, -0.44, 319.36);36,18353;True;False;1;0,116413;0,00;0,00;0,00;8;8;8;8;0;2,3;0,0;0,0;True;False;4;Left;
DB06;12;Waypoint;1;22,5;1,241471;125,4762;120,3351;120,3351;217,4056;(-96.13, -0.44, 320.42);37,68358;True;False;1;0,1173499;0,00;0,00;0,00;8;8;8;8;0;2,4;0,0;0,0;True;False;4;Left;
DB06;12;Waypoint;1;22,6;1,290975;174,9176;169,9274;169,9274;216,1165;(-96.39, -0.44, 321.52);38,92749;True;False;1;0,1189432;0,00;0,00;0,00;9;9;9;9;0;0,1;0,0;0,0;True;False;4;Left;
DB06;12;Waypoint;1;22,7;1,338178;173,5821;168,7847;168,7847;214,7802;(-96.66, -0.44, 322.65);40,15526;True;False;1;0,1196203;0,00;0,00;0,00;9;9;9;9;0;0,2;0,0;0,0;True;False;4;Left;
DB06;12;Waypoint;1;22,8;1,184555;172,3999;167,0704;167,0704;213,5973;(-96.90, -0.44, 323.66);41,75782;True;False;1;0,119257;0,00;0,00;0,00;9;9;9;9;0;0,3;0,0;0,0;True;False;4;Left;
DB06;12;Waypoint;1;22,9;1,218257;171,1842;165,9275;165,9275;212,3807;(-97.15, -0.44, 324.70);42,93291;True;False;1;0,1169994;0,00;0,00;0,00;9;9;9;9;0;0,4;0,0;0,0;True;False;4;Left;
DB06;12;Waypoint;1;23,0;1,463276;169,724;164,7846;164,7846;210,9195;(-97.45, -0.44, 325.94);44,27577;True;False;1;0,112035;0,00;0,00;0,00;9;9;9;9;0;0,5;0,0;0,0;True;False;4;Left;
DB06;12;Waypoint;1;23,1;1,474579;168,2526;163,0702;163,0702;209,447;(-97.75, -0.44, 327.20);44,19574;True;False;1;0,1042489;0,00;0,00;0,00;9;9;9;9;0;0,6;0,0;0,0;True;False;4;Left;
DB06;12;Waypoint;1;23,2;1,13494;167,12;161,9273;161,9273;208,3135;(-97.98, -0.44, 328.16);38,60339;True;False;1;0,09963099;0,00;0,00;0,00;9;9;9;9;0;0,7;0,0;0,0;True;False;4;Left;
DB06;12;Waypoint;1;23,3;1,161457;165,9599;161,3559;161,3559;207,1528;(-98.23, -0.44, 329.15);33,40176;True;False;1;0,1093807;0,00;0,00;0,00;9;9;9;9;0;0,8;0,0;0,0;True;False;4;Left;
DB06;12;Waypoint;1;23,4;1,086652;164,8744;160,213;160,213;206,0668;(-98.48, -0.44, 330.07);32,93064;True;False;1;0,1239575;0,00;0,00;0,00;9;9;9;9;0;0,9;0,0;0,0;True;False;4;Left;
DB06;12;Waypoint;1;23,5;0,9676056;163,9078;159,07;159,07;205,0997;(-98.69, -0.44, 330.89);34,16976;True;False;1;0,1341084;0,00;0,00;0,00;9;9;9;9;0;1,0;0,0;0,0;True;False;4;Left;
DB06;12;Waypoint;1;23,6;1,064131;162,8449;158,4986;158,4986;204,0361;(-98.92, -0.44, 331.79);31,50507;True;False;1;0,1443938;0,00;0,00;0,00;9;9;9;9;0;1,1;0,0;0,0;True;False;4;Left;
DB06;12;Waypoint;1;23,7;1,084319;161,762;157,3556;157,3556;202,9525;(-99.16, -0.44, 332.71);32,95469;True;False;1;0,1527583;0,00;0,00;0,00;9;9;9;9;0;1,2;0,0;0,0;True;False;4;Left;
DB06;12;Waypoint;1;23,8;0,9681166;160,7951;156,2127;156,2127;201,985;(-99.37, -0.44, 333.53);34,18931;True;False;1;0,1553013;0,00;0,00;0,00;9;9;9;9;0;1,3;0,0;0,0;True;False;4;Left;
DB06;12;Waypoint;1;23,9;1,069716;159,7268;155,0698;155,0698;200,916;(-99.60, -0.44, 334.43);31,65694;True;False;1;0,152475;0,00;0,00;0,00;9;9;9;9;0;1,4;0,0;0,0;True;False;4;Left;
DB06;12;Waypoint;1;24,0;1,089109;158,6386;153,9269;153,9269;199,8271;(-99.85, -0.44, 335.35);33,09203;True;False;1;0,1543833;0,00;0,00;0,00;9;9;9;9;0;1,5;0,0;0,0;True;False;4;Left;
DB06;12;Waypoint;1;24,1;1,120563;157,5189;153,3554;153,3554;198,707;(-100.11, -0.44, 336.30);34,1186;True;False;1;0,1586512;0,00;0,00;0,00;9;9;9;9;0;1,6;0,0;0,0;True;False;4;Left;
DB06;12;Waypoint;1;24,2;0,9011883;192,3158;187,5685;187,5685;197,806;(-100.31, -0.44, 337.06);31,6695;True;False;1;0,1617164;0,00;0,00;0,00;10;10;10;10;0;0,0;0,0;0,0;True;False;4;Left;
DB06;12;Waypoint;1;24,3;1,090577;191,2261;186,4256;186,4256;196,7158;(-100.56, -0.44, 337.98);33,13134;True;False;1;0,163251;0,00;0,00;0,00;10;10;10;10;0;0,1;0,0;0,0;True;False;4;Left;
DB06;12;Waypoint;1;24,4;1,138446;190,0886;185,2826;185,2826;195,5776;(-100.82, -0.44, 338.95);34,36933;True;False;1;0,1614997;0,00;0,00;0,00;10;10;10;10;0;0,2;0,0;0,0;True;False;4;Left;
DB06;12;Waypoint;1;24,5;1,187099;188,9025;184,7112;184,7112;194,391;(-101.09, -0.44, 339.95);35,59922;True;False;1;0,1555292;0,00;0,00;0,00;10;10;10;10;0;0,3;0,0;0,0;True;False;4;Left;
DB06;12;Waypoint;1;24,6;1,054726;187,8487;182,9967;182,9967;193,3366;(-101.33, -0.44, 340.84);37,21351;True;False;1;0,1470216;0,00;0,00;0,00;10;10;10;10;0;0,4;0,0;0,0;True;False;4;Left;
DB06;12;Waypoint;1;24,7;1,273315;186,5765;181,8538;181,8538;192,0638;(-101.62, -0.44, 341.92);38,40838;True;False;1;0,1320263;0,00;0,00;0,00;10;10;10;10;0;0,5;0,0;0,0;True;False;4;Left;
DB06;12;Waypoint;1;24,8;1,320081;185,2576;180,7108;180,7108;190,7442;(-101.92, -0.44, 343.03);39,79008;True;False;1;0,1120259;0,00;0,00;0,00;10;10;10;10;0;0,6;0,0;0,0;True;False;4;Left;
DB06;12;Waypoint;1;24,9;1,364951;183,8939;178,9965;178,9965;189,3796;(-102.22, -0.44, 344.19);40,95947;True;False;1;0,08671148;0,00;0,00;0,00;10;10;10;10;0;0,7;0,0;0,0;True;False;4;Left;
DB06;12;Waypoint;1;25,0;1,003081;182,8917;177,8536;177,8536;188,3769;(-102.45, -0.44, 345.03);42,31005;True;False;1;0,06717663;0,00;0,00;0,00;10;10;10;10;0;0,8;0,0;0,0;True;False;4;Left;
DB06;12;Waypoint;1;25,1;1,441616;181,4515;176,1391;176,1391;186,9358;(-102.78, -0.44, 346.25);43,6385;True;False;1;0,03877909;0,00;0,00;0,00;10;10;10;10;0;0,9;0,0;0,0;True;False;4;Left;
DB06;12;Waypoint;1;25,2;1,486099;179,9668;174,4247;174,4247;185,4503;(-103.11, -0.44, 347.51);44,94554;True;False;1;0,02983738;0,00;0,00;0,00;10;10;10;10;0;1,0;0,0;0,0;True;False;4;Left;
DB06;12;Waypoint;1;25,3;1,528221;178,44;173,8532;173,8532;183,9225;(-103.46, -0.44, 348.80);45,86169;True;False;1;0,0546381;0,00;0,00;0,00;10;10;10;10;0;1,1;0,0;0,0;True;False;4;Left;
DB06;12;Waypoint;1;25,4;1,343792;177,097;171,5673;171,5673;182,5788;(-103.77, -0.44, 349.93);47,29787;True;False;1;0,0737144;0,00;0,00;0,00;10;10;10;10;0;1,2;0,0;0,0;True;False;4;Left;
DB06;12;Waypoint;1;25,5;1,607362;175,4903;169,8528;169,8528;180,9716;(-104.16, -0.44, 351.29);48,57168;True;False;1;0,09414335;0,00;0,00;0,00;10;10;10;10;0;1,3;0,0;0,0;True;False;4;Left;
DB06;12;Waypoint;1;25,6;1,648848;195,7738;190,6534;190,6534;179,3229;(-104.55, -0.44, 352.67);49,64613;True;False;1;0,1155275;0,00;0,00;0,00;11;11;11;11;0;0,0;0,0;0,0;True;False;4;Left;
DB06;12;Waypoint;1;25,7;1,607533;194,1668;188,9389;188,9389;177,7155;(-104.93, -0.44, 354.03);47,42824;True;False;1;0,1388774;0,00;0,00;0,00;11;11;11;11;0;0,1;0,0;0,0;True;False;4;Left;
DB06;12;Waypoint;1;25,8;1,379955;192,7874;187,2245;187,2245;176,3356;(-105.26, -0.44, 355.19);48,5736;True;False;1;0,1609827;0,00;0,00;0,00;11;11;11;11;0;0,2;0,0;0,0;True;False;4;Left;
DB06;12;Waypoint;1;25,9;1,648816;191,1392;186,0816;186,0816;174,687;(-105.65, -0.44, 356.58);49,65796;True;False;1;0,1888683;0,00;0,00;0,00;11;11;11;11;0;0,3;0,0;0,0;True;False;4;Left;
DB06;12;Waypoint;1;26,0;1,607329;189,5326;184,3671;184,3671;173,0798;(-106.04, -0.44, 357.93);47,30884;True;False;1;0,218764;0,00;0,00;0,00;11;11;11;11;0;0,4;0,0;0,0;True;False;4;Left;
DB06;12;Waypoint;1;26,1;1,379538;188,1536;182,6528;182,6528;171,7003;(-106.36, -0.44, 359.09);48,37721;True;False;1;0,24673;0,00;0,00;0,00;11;11;11;11;0;0,5;0,0;0,0;True;False;4;Left;
DB06;12;Waypoint;1;26,2;1,410066;186,7442;181,51;181,51;170,2904;(-106.70, -0.44, 360.28);49,61373;True;False;1;0,2778578;0,00;0,00;0,00;11;11;11;11;0;0,6;0,0;0,0;True;False;4;Left;
DB06;12;Waypoint;1;26,3;1,652931;185,0917;179,7959;179,7959;168,6376;(-107.10, -0.44, 361.67);48,73208;True;False;1;0,305859;0,00;0,00;0,00;11;11;11;11;0;0,7;0,0;0,0;True;False;4;Left;
DB06;12;Waypoint;1;26,4;1,606838;183,4849;178,0818;178,0818;167,0307;(-107.51, -0.44, 363.02);48,56954;True;False;1;0,3128211;0,00;0,00;0,00;11;11;11;11;0;0,8;0,0;0,0;True;False;4;Left;
DB06;12;Waypoint;1;26,5;1,410347;182,0746;176,3677;176,3677;165,6205;(-107.87, -0.44, 364.20);49,63162;True;False;1;0,3168963;0,00;0,00;0,00;11;11;11;11;0;0,9;0,0;0,0;True;False;4;Left;
DB06;12;Waypoint;1;26,6;1,635345;180,4393;175,225;175,225;163,9852;(-108.28, -0.44, 365.57);47,58365;True;False;1;0,3224752;0,00;0,00;0,00;11;11;11;11;0;1,0;0,0;0,0;True;False;4;Left;
DB06;12;Waypoint;1;26,7;1,528492;178,9109;173,5108;173,5108;162,4568;(-108.67, -0.44, 366.85);44,26073;True;False;1;0,3281368;0,00;0,00;0,00;11;11;11;11;0;1,1;0,0;0,0;True;False;4;Left;
DB06;12;Waypoint;1;26,8;1,342896;177,5681;172,9394;172,9394;161,1139;(-109.01, -0.44, 367.97);39,51369;True;False;1;0,3330607;0,00;0,00;0,00;11;11;11;11;0;1,2;0,0;0,0;True;False;4;Left;
DB06;12;Waypoint;1;26,9;1,197222;176,3709;171,7966;171,7966;159,9166;(-109.32, -0.44, 368.97);35,1342;True;False;1;0,3382582;0,00;0,00;0,00;11;11;11;11;0;1,3;0,0;0,0;True;False;4;Left;
DB06;12;Waypoint;1;27,0;1,037428;175,3336;170,6539;170,6539;158,8792;(-109.58, -0.44, 369.84);36,61246;True;False;1;0,3425528;0,00;0,00;0,00;11;11;11;11;0;1,4;0,0;0,0;True;False;4;Left;
DB06;12;Waypoint;1;27,1;1,207473;174,1262;169,5111;169,5111;157,6718;(-109.88, -0.44, 370.85);35,61446;True;False;1;0,3473221;0,00;0,00;0,00;11;11;11;11;0;1,5;0,0;0,0;True;False;4;Left;
DB06;12;Waypoint;1;27,2;1,193228;172,933;168,3684;168,3684;156,4786;(-110.19, -0.44, 371.85);36,00086;True;False;1;0,351961;0,00;0,00;0,00;11;11;11;11;0;1,6;0,0;0,0;True;False;4;Left;
DB06;12;Waypoint;1;27,3;1,210072;171,7231;167,2257;167,2257;155,2686;(-110.49, -0.44, 372.87);37,20185;True;False;1;0,3563385;0,00;0,00;0,00;11;11;11;11;0;1,7;0,0;0,0;True;False;4;Left;
DB06;12;Waypoint;1;27,4;0,817995;170,9051;166,4339;166,4339;154,4506;(-110.70, -0.44, 373.55);34,50401;True;False;1;0,3595266;0,00;0,00;0,00;11;11;11;11;0;1,8;0,0;0,0;True;False;4;Left;
DB06;12;Waypoint;1;27,5;1,184316;169,7208;164,7196;164,7196;153,2663;(-111.01, -0.44, 374.54);35,93149;True;False;1;0,3506401;0,00;0,00;0,00;11;11;11;11;0;1,9;0,0;0,0;True;False;4;Left;
DB06;12;Waypoint;1;27,6;1,230766;168,4902;163,5768;163,5768;152,0363;(-111.35, -0.44, 375.56);37,32483;True;False;1;0,3195573;0,00;0,00;0,00;11;11;11;11;0;2,0;0,0;0,0;True;False;4;Left;
DB06;12;Waypoint;1;27,7;1,277714;167,2128;162,4338;162,4338;150,7594;(-111.70, -0.44, 376.62);38,32685;True;False;1;0,2815259;0,00;0,00;0,00;11;11;11;11;0;2,1;0,0;0,0;True;False;4;Left;
DB06;12;Waypoint;1;27,8;1,132698;166,0803;161,2909;161,2909;149,6275;(-112.02, -0.44, 377.56);39,94837;True;False;1;0,2491379;0,00;0,00;0,00;11;11;11;11;0;2,2;0,0;0,0;True;False;4;Left;
DB06;12;Waypoint;1;27,9;1,365321;164,7152;159,5766;159,5766;148,2631;(-112.40, -0.44, 378.69);41,3756;True;False;1;0,2123139;0,00;0,00;0,00;11;11;11;11;0;2,3;0,0;0,0;True;False;4;Left;
DB06;12;Waypoint;1;28,0;1,413364;163,302;158,4339;158,4339;146,8505;(-112.79, -0.44, 379.87);42,39576;True;False;1;0,1765947;0,00;0,00;0,00;11;11;11;11;0;2,4;0,0;0,0;True;False;4;Left;
DB06;12;Waypoint;1;28,1;1,249075;162,0531;156,7198;156,7198;145,602;(-113.13, -0.44, 380.91);44,02445;True;False;1;0,1462499;0,00;0,00;0,00;11;11;11;11;0;2,5;0,0;0,0;True;False;4;Left;
DB06;12;Waypoint;1;28,2;1,422985;160,6303;155,577;155,577;144,1798;(-113.52, -0.44, 382.09);41,12128;True;False;1;0,1124357;0,00;0,00;0,00;11;11;11;11;0;2,6;0,0;0,0;True;False;4;Left;
DB06;12;Waypoint;1;28,3;1,24149;159,389;154,4343;154,4343;142,9389;(-113.86, -0.44, 383.12);36,52994;True;False;1;0,08359103;0,00;0,00;0,00;11;11;11;11;0;2,7;0,0;0,0;True;False;4;Left;
DB06;12;Waypoint;1;28,4;1,075809;158,3133;153,8629;153,8629;141,8636;(-114.16, -0.44, 384.01);31,3503;True;False;1;0,06056019;0,00;0,00;0,00;11;11;11;11;0;2,8;0,0;0,0;True;False;4;Left;
DB06;12;Waypoint;1;28,5;1,060087;157,2533;152,7202;152,7202;140,8041;(-114.45, -0.44, 384.89);31,75025;True;False;1;0,04199497;0,00;0,00;0,00;11;11;11;11;0;2,9;0,0;0,0;True;False;4;Left;
DB06;12;Waypoint;1;28,6;0,787199;156,4662;151,5774;151,5774;140,0173;(-114.67, -0.44, 385.55);33,28618;True;False;1;0,0309029;0,00;0,00;0,00;11;11;11;11;0;3,0;0,0;0,0;True;False;4;Left;
DB06;12;Waypoint;1;28,7;1,057481;155,4088;151,0061;151,0061;138,9603;(-114.96, -0.44, 386.43);30,78849;True;False;1;0,02797502;0,00;0,00;0,00;11;11;11;11;0;3,1;0,0;0,0;True;False;4;Left;
DB06;12;Waypoint;1;28,8;1,062864;154,3461;149,8633;149,8633;137,8979;(-115.25, -0.44, 387.31);32,30128;True;False;1;0,04123097;0,00;0,00;0,00;11;11;11;11;0;3,2;0,0;0,0;True;False;4;Left;
DB06;12;Waypoint;1;28,9;0,9504978;153,3957;148,7205;148,7205;136,9478;(-115.51, -0.44, 388.10);33,59374;True;False;1;0,05675345;0,00;0,00;0,00;11;11;11;11;0;3,3;0,0;0,0;True;False;4;Left;
DB06;12;Waypoint;1;29,0;1,044202;152,3516;147,5778;147,5778;135,9041;(-115.79, -0.44, 388.97);30,90795;True;False;1;0,07478531;0,00;0,00;0,00;11;11;11;11;0;3,4;0,0;0,0;True;False;4;Left;
DB06;12;Waypoint;1;29,1;1,06593;151,2858;146,435;146,435;134,8386;(-116.08, -0.44, 389.85);32,41763;True;False;1;0,09295151;0,00;0,00;0,00;11;11;11;11;0;3,5;0,0;0,0;True;False;4;Left;
DB06;12;Waypoint;1;29,2;0,9540053;150,3319;145,8636;145,8636;133,8851;(-116.35, -0.44, 390.65);33,70438;True;False;1;0,1089715;0,00;0,00;0,00;11;11;11;11;0;3,6;0,0;0,0;True;False;4;Left;
DB06;12;Waypoint;1;29,3;1,054614;149,2775;144,7209;144,7209;132,831;(-116.63, -0.44, 391.52);31,22716;True;False;1;0,1244844;0,00;0,00;0,00;11;11;11;11;0;3,7;0,0;0,0;True;False;4;Left;
DB06;12;Waypoint;1;29,4;1,076363;148,2012;143,5781;143,5781;131,755;(-116.93, -0.44, 392.42);32,72448;True;False;1;0,1358625;0,00;0,00;0,00;11;11;11;11;0;3,8;0,0;0,0;True;False;4;Left;
DB06;12;Waypoint;1;29,5;0,9475204;147,2538;142,4353;142,4353;130,808;(-117.19, -0.44, 393.20);32,99636;True;False;1;0,1417569;0,00;0,00;0,00;11;11;11;11;0;3,9;0,0;0,0;True;False;4;Left;
DB06;12;Waypoint;1;29,6;1,069107;146,1848;141,2925;141,2925;129,7394;(-117.48, -0.44, 394.09);32,47823;True;False;1;0,1464446;0,00;0,00;0,00;11;11;11;11;0;4,0;0,0;0,0;True;False;4;Left;
DB06;12;Waypoint;1;29,7;1,101864;145,0831;140,1496;140,1496;128,638;(-117.78, -0.44, 395.01);32,77563;True;False;1;0,1517293;0,00;0,00;0,00;11;11;11;11;0;4,1;0,0;0,0;True;False;4;Left;
DB06;12;Waypoint;1;29,8;1,063328;144,0199;139,5782;139,5782;127,5752;(-118.07, -0.44, 395.89);31,88983;True;False;1;0,1566528;0,00;0,00;0,00;11;11;11;11;0;4,2;0,0;0,0;True;False;4;Left;
DB06;12;Waypoint;1;29,9;0,9508299;143,0692;138,4353;138,4353;126,6248;(-118.33, -0.44, 396.68);33,59859;True;False;1;0,1603557;0,00;0,00;0,00;11;11;11;11;0;4,3;0,0;0,0;True;False;4;Left;
DB06;12;Waypoint;1;30,0;1,06935;142;137,2925;137,2925;125,5559;(-118.63, -0.44, 397.57);32,07505;True;False;1;0,1639868;0,00;0,00;0,00;11;11;11;11;0;4,4;0,0;0,0;False;True;4;Left;
DB06;12;Waypoint;1;30,1;1,105328;140,8948;136,1497;136,1497;124,4512;(-118.93, -0.44, 398.49);33,35859;True;False;1;0,1671364;0,00;0,00;0,00;11;11;11;11;0;4,5;0,0;0,0;False;True;4;Left;
DB06;12;Waypoint;1;30,2;1,063461;139,8315;135,5782;135,5782;123,3882;(-119.22, -0.44, 399.37);31,70707;True;False;1;0,1693397;0,00;0,00;0,00;11;11;11;11;0;4,6;0,0;0,0;False;True;4;Left;
DB06;12;Waypoint;1;30,3;1,100342;138,7312;134,4354;134,4354;122,2883;(-119.52, -0.44, 400.29);32,99559;True;False;1;0,1715482;0,00;0,00;0,00;11;11;11;11;0;4,7;0,0;0,0;False;True;4;Left;
DB06;12;Waypoint;1;30,4;0,815611;137,9158;133,2926;133,2926;121,4731;(-119.74, -0.44, 400.97);34,49712;True;False;1;0,1729964;0,00;0,00;0,00;11;11;11;11;0;4,8;0,0;0,0;False;True;4;Left;
DB06;12;Waypoint;1;30,5;1,185245;136,7307;132,1497;132,1497;120,2883;(-120.07, -0.44, 401.95);35,97048;True;False;1;0,1747522;0,00;0,00;0,00;11;11;11;11;0;4,9;0,0;0,0;False;True;4;Left;
DB06;12;Waypoint;1;30,6;1,233708;135,4971;130,4355;130,4355;119,0551;(-120.41, -0.44, 402.98);37,43839;True;False;1;0,1758286;0,00;0,00;0,00;11;11;11;11;0;5,0;0,0;0,0;False;True;4;Left;
DB06;12;Waypoint;1;30,7;1,096415;134,4009;129,2927;129,2927;117,9593;(-120.71, -0.44, 403.89);38,68495;True;False;1;0,1767976;0,00;0,00;0,00;11;11;11;11;0;5,1;0,0;0,0;False;True;4;Left;
DB06;12;Waypoint;1;30,8;1,324191;133,0769;128,1498;128,1498;116,6357;(-121.07, -0.44, 404.99);40,12461;True;False;1;0,1773537;0,00;0,00;0,00;11;11;11;11;0;5,2;0,0;0,0;False;True;4;Left;
DB06;12;Waypoint;1;30,9;1,371176;131,7059;126,4356;126,4356;115,2652;(-121.44, -0.44, 406.13);41,5527;True;False;1;0,1769389;0,00;0,00;0,00;11;11;11;11;0;5,3;0,0;0,0;False;True;4;Left;
DB06;12;Waypoint;1;31,0;1,213171;130,4929;125,2927;125,2927;114,0525;(-121.77, -0.44, 407.14);42,7668;True;False;1;0,175794;0,00;0,00;0,00;11;11;11;11;0;5,4;0,0;0,0;False;True;4;Left;
DB06;12;Waypoint;1;31,1;1,459476;129,0336;124,0322;124,0322;112,5937;(-122.17, -0.44, 408.35);44,17102;True;False;1;0,172259;0,00;0,00;0,00;11;11;11;11;0;5,5;0,0;0,0;False;True;4;Left;
DB06;12;Waypoint;1;31,2;1,505578;127,5283;122,3179;122,3179;111,0888;(-122.59, -0.44, 409.60);45,57721;True;False;1;0,1644291;0,00;0,00;0,00;11;11;11;11;0;5,6;0,0;0,0;False;True;4;Left;
DB06;12;Waypoint;1;31,3;1,552606;125,9759;121,1751;121,1751;109,537;(-123.01, -0.44, 410.89);46,57387;True;False;1;0,1528534;0,00;0,00;0,00;11;11;11;11;0;5,7;0,0;0,0;False;True;4;Left;
DB06;12;Waypoint;1;31,4;1,598091;124,3781;119,4608;119,4608;107,9396;(-123.45, -0.44, 412.22);47,55993;True;False;1;0,1381037;0,00;0,00;0,00;11;11;11;11;0;5,8;0,0;0,0;False;True;4;Left;
DB06;12;Waypoint;1;31,5;1,406006;122,9723;117,7465;117,7465;106,5342;(-123.83, -0.44, 413.39);49,53596;True;False;1;0,1270623;0,00;0,00;0,00;11;11;11;11;0;5,9;0,0;0,0;False;True;4;Left;
DB06;12;Waypoint;1;31,6;1,651561;121,3211;116,0322;116,0322;104,8834;(-124.28, -0.44, 414.76);49,64673;True;False;1;0,1147571;0,00;0,00;0,00;11;11;11;11;0;6,0;0,0;0,0;False;True;4;Left;
DB06;12;Waypoint;1;31,7;1,37797;119,9433;114,3178;114,3178;103,5061;(-124.66, -0.44, 415.91);48,48409;True;False;1;0,1038648;0,00;0,00;0,00;11;11;11;11;0;6,1;0,0;0,0;False;True;4;Left;
DB06;12;Waypoint;1;31,8;1,64801;118,2956;112,6034;112,6034;101,8588;(-125.11, -0.44, 417.28);49,83502;True;False;1;0,09157366;0,00;0,00;0,00;11;11;11;11;0;6,2;0,0;0,0;False;True;4;Left;
DB06;12;Waypoint;1;31,9;1,597363;116,6986;111,4605;111,4605;100,2621;(-125.55, -0.44, 418.60);46,76146;True;False;1;0,08089741;0,00;0,00;0,00;11;11;11;11;0;6,3;0,0;0,0;False;True;4;Left;
DB06;12;Waypoint;1;32,0;1,355911;115,3429;109,7461;109,7461;98,90688;(-125.92, -0.44, 419.73);47,74264;True;False;1;0,07221083;0,00;0,00;0,00;11;11;11;11;0;6,4;0,0;0,0;False;True;4;Left;
DB06;12;Waypoint;1;32,1;1,623514;113,7197;108,0318;108,0318;97,28406;(-126.36, -0.44, 421.08);49,10319;True;False;1;0,06147254;0,00;0,00;0,00;11;11;11;11;0;6,5;0,0;0,0;False;True;4;Left;
DB06;12;Waypoint;1;32,2;1,663451;112,0566;106,8889;106,8889;95,62136;(-126.82, -0.44, 422.46);50,06993;True;False;1;0,05242604;0,00;0,00;0,00;11;11;11;11;0;6,6;0,0;0,0;False;True;4;Left;
DB06;12;Waypoint;1;32,3;1,605558;110,4514;105,1745;105,1745;94,01659;(-127.26, -0.44, 423.80);47,88858;True;False;1;0,04433549;0,00;0,00;0,00;11;11;11;11;0;6,7;0,0;0,0;False;True;4;Left;
DB06;12;Waypoint;1;32,4;1,404043;109,0476;103,4601;103,4601;92,61317;(-127.64, -0.44, 424.96);49,43096;True;False;1;0,03889531;0,00;0,00;0,00;11;11;11;11;0;6,8;0,0;0,0;False;True;4;Left;
DB06;12;Waypoint;1;32,5;1,41984;107,6281;102,3171;102,3171;91,19402;(-128.03, -0.44, 426.14);49,34524;True;False;1;0,03345694;0,00;0,00;0,00;11;11;11;11;0;6,9;0,0;0,0;False;True;4;Left;
DB06;12;Waypoint;1;32,6;1,601775;106,0266;100,6027;100,6027;89,59289;(-128.47, -0.44, 427.48);48,3518;True;False;1;0,03118971;0,00;0,00;0,00;11;11;11;11;0;7,0;0,0;0,0;False;True;4;Left;
DB06;12;Waypoint;1;32,7;1,643317;104,3837;98,88827;98,88827;87,95027;(-128.92, -0.44, 428.84);49,68383;True;False;1;0,02771404;0,00;0,00;0,00;11;11;11;11;0;7,1;0,0;0,0;False;True;4;Left;
DB06;12;Waypoint;1;32,8;1,617212;102,7668;97,74547;97,74547;86,33385;(-129.36, -0.44, 430.19);47,72072;True;False;1;0,02685221;0,00;0,00;0,00;11;11;11;11;0;7,2;0,0;0,0;False;True;4;Left;
DB06;12;Waypoint;1;32,9;1,474926;101,2922;96,03114;96,03114;84,85943;(-129.76, -0.44, 431.41);43,29146;True;False;1;0,02920047;0,00;0,00;0,00;11;11;11;11;0;7,3;0,0;0,0;False;True;4;Left;
DB06;12;Waypoint;1;33,0;1,118059;100,1744;94,88825;94,88825;83,7419;(-130.06, -0.44, 432.34);38,00004;True;False;1;0,03401516;0,00;0,00;0,00;11;11;11;11;0;7,4;0,0;0,0;False;True;4;Left;
DB06;12;Waypoint;1;33,1;1,149189;99,02538;94,31682;94,31682;82,59309;(-130.37, -0.44, 433.30);33,55487;True;False;1;0,0425245;0,00;0,00;0,00;11;11;11;11;0;7,5;0,0;0,0;False;True;4;Left;
DB06;12;Waypoint;1;33,2;0,9657531;98,05981;93,17394;93,17394;81,62762;(-130.63, -0.44, 434.10);34,08186;True;False;1;0,05147246;0,00;0,00;0,00;11;11;11;11;0;7,6;0,0;0,0;False;True;4;Left;
DB06;12;Waypoint;1;33,3;1,172254;96,88777;92,03108;92,03108;80,45581;(-130.95, -0.44, 435.08);35,57796;True;False;1;0,06051299;0,00;0,00;0,00;11;11;11;11;0;7,7;0,0;0,0;False;True;4;Left;
DB06;12;Waypoint;1;33,4;1,128875;95,75912;91,45965;91,45965;79,32737;(-131.26, -0.44, 436.02);33,44406;True;False;1;0,06838344;0,00;0,00;0,00;11;11;11;11;0;7,8;0,0;0,0;False;True;4;Left;
DB06;12;Waypoint;1;33,5;1,164873;94,59448;90,31678;90,31678;78,16285;(-131.57, -0.44, 436.99);34,9392;True;False;1;0,07703038;0,00;0,00;0,00;11;11;11;11;0;7,9;0,0;0,0;False;True;4;Left;
DB06;12;Waypoint;1;33,6;0,9792272;93,61546;88,60247;88,60247;77,18398;(-131.84, -0.44, 437.80);33,43285;True;False;1;0,08457881;0,00;0,00;0,00;11;11;11;11;0;8,0;0,0;0,0;False;True;4;Left;
DB06;12;Waypoint;1;33,7;0,9862534;92,6294;88,03104;88,03104;76,19813;(-132.10, -0.44, 438.62);34,84275;True;False;1;0,09247845;0,00;0,00;0,00;11;11;11;11;0;8,1;0,0;0,0;False;True;4;Left;
DB06;12;Waypoint;1;33,8;1,1677;91,46195;86,88816;86,88816;75,03083;(-132.42, -0.44, 439.59);34,24437;True;False;1;0,1017195;0,00;0,00;0,00;11;11;11;11;0;8,2;0,0;0,0;False;True;4;Left;
DB06;12;Waypoint;1;33,9;1,143931;90,31826;85,74531;85,74531;73,88728;(-132.73, -0.44, 440.55);34,7366;True;False;1;0,1111209;0,00;0,00;0,00;11;11;11;11;0;8,3;0,0;0,0;False;True;4;Left;
DB06;12;Waypoint;1;34,0;1,16374;89,15478;84,60249;84,60249;72,72404;(-133.04, -0.44, 441.51);34,99501;True;False;1;0,1203482;0,00;0,00;0,00;11;11;11;11;0;8,4;0,0;0,0;False;True;4;Left;
DB06;12;Waypoint;1;34,1;0,9744974;88,1805;83,45966;83,45966;71,74983;(-133.31, -0.44, 442.33);34,39625;True;False;1;0,1284984;0,00;0,00;0,00;11;11;11;11;0;8,5;0,0;0,0;False;True;4;Left;
DB06;12;Waypoint;1;34,2;1,175464;87,00531;82,31682;82,31682;70,57484;(-133.63, -0.44, 443.30);35,87939;True;False;1;0,1378635;0,00;0,00;0,00;11;11;11;11;0;8,6;0,0;0,0;False;True;4;Left;
DB06;12;Waypoint;1;34,3;1,130133;85,87544;81,17397;81,17397;69,44509;(-133.93, -0.44, 444.24);33,93458;True;False;1;0,1465608;0,00;0,00;0,00;11;11;11;11;0;8,7;0,0;0,0;False;True;4;Left;
DB06;12;Waypoint;1;34,4;1,173126;84,7026;80,03114;80,03114;68,27229;(-134.25, -0.44, 445.22);35,41311;True;False;1;0,1551586;0,00;0,00;0,00;11;11;11;11;0;8,8;0,0;0,0;False;True;4;Left;
DB06;12;Waypoint;1;34,5;0,9721693;83,73067;78,8883;78,8883;67,30053;(-134.51, -0.44, 446.03);33,80789;True;False;1;0,1623119;0,00;0,00;0,00;11;11;11;11;0;8,9;0,0;0,0;False;True;4;Left;
DB06;12;Waypoint;1;34,6;1,1618;82,56918;78,09209;78,09209;66,13908;(-134.83, -0.44, 447.00);34,85915;True;False;1;0,1702495;0,00;0,00;0,00;11;11;11;11;0;9,0;0,0;0,0;False;True;4;Left;
DB06;12;Waypoint;1;34,7;1,210703;81,3588;76,94917;76,94917;64,92887;(-135.15, -0.44, 448.00);36,31749;True;False;1;0,1779183;0,00;0,00;0,00;11;11;11;11;0;9,1;0,0;0,0;False;True;4;Left;
DB06;12;Waypoint;1;34,8;1,075427;80,28367;75,23478;75,23478;63,85382;(-135.45, -0.44, 448.90);37,74785;True;False;1;0,1837838;0,00;0,00;0,00;11;11;11;11;0;9,2;0,0;0,0;False;True;4;Left;
DB06;12;Waypoint;1;34,9;1,110314;79,17366;74,09184;74,09184;62,74387;(-135.75, -0.44, 449.82);39,15754;True;False;1;0,1888501;0,00;0,00;0,00;11;11;11;11;0;9,3;0,0;0,0;False;True;4;Left;
DB06;12;Waypoint;1;35,0;1,338149;77,83589;72,94888;72,94888;61,40621;(-136.11, -0.44, 450.94);40,54873;True;False;1;0,1928227;0,00;0,00;0,00;11;11;11;11;0;9,4;0,0;0,0;False;True;4;Left;
DB06;12;Waypoint;1;35,1;1,384527;76,45178;71,23446;71,23446;60,02215;(-136.48, -0.44, 452.09);41,92097;True;False;1;0,1942428;0,00;0,00;0,00;11;11;11;11;0;9,5;0,0;0,0;False;True;4;Left;
DB06;12;Waypoint;1;35,2;1,222538;75,22962;70,09151;70,09151;58,80015;(-136.81, -0.44, 453.11);43,08188;True;False;1;0,1913709;0,00;0,00;0,00;11;11;11;11;0;9,6;0,0;0,0;False;True;4;Left;
DB06;12;Waypoint;1;35,3;1,467425;73,76267;68,37709;68,37709;57,33316;(-137.21, -0.44, 454.33);44,41561;True;False;1;0,1805157;0,00;0,00;0,00;11;11;11;11;0;9,7;0,0;0,0;False;True;4;Left;
DB06;12;Waypoint;1;35,4;1,512006;72,25117;66,66282;66,66282;55,82178;(-137.62, -0.44, 455.58);45,73259;True;False;1;0,163735;0,00;0,00;0,00;11;11;11;11;0;9,8;0,0;0,0;False;True;4;Left;
DB06;12;Waypoint;1;35,5;1,55511;70,6966;65,52004;65,52004;54,2672;(-138.04, -0.44, 456.88);46,83661;True;False;1;0,1446122;0,00;0,00;0,00;11;11;11;11;0;9,9;0,0;0,0;False;True;4;Left;
DB06;12;Waypoint;1;35,6;1,366924;69,33017;63,80588;63,80588;52,90075;(-138.41, -0.44, 458.02);48,121;True;False;1;0,1249547;0,00;0,00;0,00;11;11;11;11;0;10,0;0,0;0,0;False;True;4;Left;
DB06;12;Waypoint;1;35,7;1,634201;67,69659;62,09172;62,09172;51,26716;(-138.85, -0.44, 459.38);49,37366;True;False;1;0,09250742;0,00;0,00;0,00;11;11;11;11;0;10,1;0,0;0,0;False;True;4;Left;
DB06;12;Waypoint;1;35,8;1,642992;66,05425;60,94896;60,94896;49,62469;(-139.30, -0.44, 460.74);49,22815;True;False;1;0,05006972;0,00;0,00;0,00;11;11;11;11;0;10,2;0,0;0,0;False;True;4;Left;
DB06;12;Waypoint;1;35,9;1,365593;64,68922;59,23483;59,23483;48,25956;(-139.66, -0.44, 461.88);48,07233;True;False;1;0,02782783;0,00;0,00;0,00;11;11;11;11;0;10,3;0,0;0,0;False;True;4;Left;
DB06;12;Waypoint;1;36,0;1,602418;63,08709;57,52057;57,52057;46,6574;(-140.08, -0.44, 463.22);47,23901;True;False;1;0,05267604;0,00;0,00;0,00;11;11;11;11;0;10,4;0,0;0,0;False;True;4;Left;
DB06;12;Waypoint;1;36,1;1,244071;61,84314;56,37766;56,37766;45,41343;(-140.40, -0.44, 464.26);42,45363;True;False;1;0,07901986;0,00;0,00;0,00;11;11;11;11;0;10,5;0,0;0,0;False;True;4;Left;
DB06;12;Waypoint;1;36,2;1,287887;60,55538;55,80621;55,80621;44,12554;(-140.74, -0.44, 465.34);37,15373;True;False;1;0,1092858;0,00;0,00;0,00;11;11;11;11;0;10,6;0,0;0,0;False;True;4;Left;
DB06;12;Waypoint;1;36,3;1,18049;59,37502;54,66331;54,66331;42,94517;(-141.04, -0.44, 466.32);35,60693;True;False;1;0,1393633;0,00;0,00;0,00;11;11;11;11;0;10,7;0,0;0,0;False;True;4;Left;
DB06;12;Waypoint;1;36,4;1,203946;58,17123;53,5204;53,5204;41,74137;(-141.35, -0.44, 467.33);36,82467;True;False;1;0,1718853;0,00;0,00;0,00;11;11;11;11;0;10,8;0,0;0,0;False;True;4;Left;
DB06;12;Waypoint;1;36,5;0,9929623;57,17841;52,37746;52,37746;40,74854;(-141.61, -0.44, 468.16);35,03381;True;False;1;0,199524;0,00;0,00;0,00;11;11;11;11;0;10,9;0,0;0,0;False;True;4;Left;
DB06;12;Waypoint;1;36,6;1,202041;55,97657;51,23454;51,23454;39,5465;(-141.92, -0.44, 469.16);36,459;True;False;1;0,2343358;0,00;0,00;0,00;11;11;11;11;0;11,0;0,0;0,0;False;True;4;Left;
DB06;12;Waypoint;1;36,7;1,176409;54,80036;50,0916;50,0916;38,3702;(-142.23, -0.44, 470.15);34,48051;True;False;1;0,2689229;0,00;0,00;0,00;11;11;11;11;0;11,1;0,0;0,0;False;True;4;Left;
DB06;12;Waypoint;1;36,8;1,193406;53,60717;48,94866;48,94866;37,17702;(-142.54, -0.44, 471.14);35,81592;True;False;1;0,3039523;0,00;0,00;0,00;11;11;11;11;0;11,2;0,0;0,0;False;True;4;Left;
DB06;12;Waypoint;1;36,9;1,183015;52,42438;47,80585;47,80585;35,99404;(-142.84, -0.44, 472.13);35,16451;True;False;1;0,3382999;0,00;0,00;0,00;11;11;11;11;0;11,3;0,0;0,0;False;True;4;Left;
DB06;12;Waypoint;1;37,0;0,8422288;51,58232;46,66305;46,66305;35,15193;(-143.06, -0.44, 472.84);35,57155;True;False;1;0,6296847;0,00;0,00;0,00;11;11;11;11;0;11,4;0,0;0,0;False;True;4;Left;
DB06;12;Waypoint;1;37,1;1,367416;50,21518;45,52027;45,52027;33,7846;(-143.42, -0.44, 473.98);36,79401;True;False;1;0,2924593;0,00;0,00;0,00;11;11;11;11;0;11,5;0,0;0,0;False;True;4;Left;
DB06;12;Waypoint;1;37,2;0,9736832;49,24172;44,37748;44,37748;32,81113;(-143.67, -0.44, 474.79);34,32693;True;False;1;0,2223558;0,00;0,00;0,00;11;11;11;11;0;11,6;0,0;0,0;False;True;4;Left;
DB06;12;Waypoint;1;37,3;1,178061;48,06392;43,80609;43,80609;31,63309;(-143.97, -0.44, 475.78);35,35463;True;False;1;0,1326375;0,00;0,00;0,00;11;11;11;11;0;11,7;0,0;0,0;False;True;4;Left;
DB06;12;Waypoint;1;37,4;1,195877;46,86832;42,09192;42,09192;30,43744;(-144.29, -0.44, 476.78);36,7746;True;False;1;0,05294383;0,00;0,00;0,00;11;11;11;11;0;11,8;0,0;0,0;False;True;4;Left;
DB06;12;Waypoint;1;37,5;1,138255;45,73036;41,52048;41,52048;29,29927;(-144.58, -0.44, 477.73);34,10302;True;False;1;0,03440784;0,00;0,00;0,00;11;11;11;11;0;11,9;0,0;0,0;False;True;4;Left;
DB06;12;Waypoint;1;37,6;1,012349;44,71827;40,3775;40,3775;28,28709;(-144.84, -0.44, 478.57);35,3362;True;False;1;0,03974909;0,00;0,00;0,00;11;11;11;11;0;12,0;0,0;0,0;False;True;4;Left;
DB06;12;Waypoint;1;37,7;1,030012;43,68853;38,663;38,663;27,25717;(-145.11, -0.44, 479.43);35,74698;True;False;1;0,05526646;0,00;0,00;0,00;11;11;11;11;0;12,1;0,0;0,0;False;True;4;Left;
DB06;12;Waypoint;1;37,8;1,159024;42,52984;37,52;37,52;26,09821;(-145.41, -0.44, 480.40);35,13387;True;False;1;0,07673501;0,00;0,00;0,00;11;11;11;11;0;12,2;0,0;0,0;False;True;4;Left;
DB06;12;Waypoint;1;37,9;1,029602;41,50055;36,377;36,377;25,06873;(-145.68, -0.44, 481.26);36,34147;True;False;1;0,0944155;0,00;0,00;0,00;11;11;11;11;0;12,3;0,0;0,0;False;True;4;Left;
DB06;12;Waypoint;1;38,0;1,157883;40,34292;35,80564;35,80564;23,91091;(-145.98, -0.44, 482.23);33,71026;True;False;1;0,1067362;0,00;0,00;0,00;11;11;11;11;0;12,4;0,0;0,0;False;True;4;Left;
DB06;12;Waypoint;1;38,1;1,157666;39,18546;34,21314;34,21314;22,7534;(-146.27, -0.44, 483.20);35,12042;True;False;1;0,1165339;0,00;0,00;0,00;11;11;11;11;0;12,5;0,0;0,0;False;True;4;Left;
DB06;12;Waypoint;1;38,2;1,20353;37,98197;33,07035;33,07035;21,54992;(-146.56, -0.44, 484.21);36,3107;True;False;1;0,1128824;0,00;0,00;0,00;11;11;11;11;0;12,6;0,0;0,0;False;True;4;Left;
DB06;12;Waypoint;1;38,3;1,068895;36,91309;31,92756;31,92756;20,48102;(-146.82, -0.44, 485.11);37,71865;True;False;1;0,1049617;0,00;0,00;0,00;11;11;11;11;0;12,7;0,0;0,0;False;True;4;Left;
DB06;12;Waypoint;1;38,4;1,291024;35,62208;30,78477;30,78477;19,19011;(-147.13, -0.44, 486.20);39,1251;True;False;1;0,09644611;0,00;0,00;0,00;11;11;11;11;0;12,8;0,0;0,0;False;True;4;Left;
DB06;12;Waypoint;1;38,5;1,337449;34,28465;29,64199;29,64199;17,85279;(-147.46, -0.44, 487.32);40,32583;True;False;1;0,08806939;0,00;0,00;0,00;11;11;11;11;0;12,9;0,0;0,0;False;True;4;Left;
DB06;12;Waypoint;1;38,6;1,076912;33,20777;28,49914;28,49914;16,77588;(-147.72, -0.44, 488.23);36,56222;True;False;1;0,08179618;0,00;0,00;0,00;11;11;11;11;0;13,0;0,0;0,0;False;True;4;Left;
DB06;12;Waypoint;1;38,7;1,110378;32,09742;27,35637;27,35637;15,66553;(-147.99, -0.44, 489.16);32,33508;True;False;1;0,0770113;0,00;0,00;0,00;11;11;11;11;0;13,1;0,0;0,0;False;True;4;Left;
DB06;12;Waypoint;1;38,8;0,9950274;31,10243;26,78498;26,78498;14,67057;(-148.23, -0.44, 490.00);30,18257;True;False;1;0,07354467;0,00;0,00;0,00;11;11;11;11;0;13,2;0,0;0,0;False;True;4;Left;
DB06;12;Waypoint;1;38,9;0,8919881;30,21047;25,6422;25,6422;13,77875;(-148.45, -0.44, 490.75);27,80748;True;False;1;0,069989;0,00;0,00;0,00;11;11;11;11;0;13,3;0,0;0,0;False;True;4;Left;
DB06;12;Waypoint;1;39,0;0,6831871;29,52731;25,07081;25,07081;13,09556;(-148.61, -0.44, 491.32);23,96147;True;False;1;0,06614074;0,00;0,00;0,00;11;11;11;11;0;13,4;0,0;0,0;False;True;4;Left;
DB06;12;Waypoint;1;39,1;0,6144885;28,91285;24,49942;24,49942;12,4812;(-148.76, -0.44, 491.84);21,94787;True;False;1;0,06291638;0,00;0,00;0,00;11;11;11;11;0;13,5;0,0;0,0;False;True;4;Left;
DB06;12;Waypoint;1;39,2;0,6306251;28,28226;24,49942;24,49942;11,85056;(-148.92, -0.44, 492.37);18,76047;True;False;1;0,05927932;0,00;0,00;0,00;11;11;11;11;0;13,6;0,0;0,0;False;True;4;Left;
DB06;12;Waypoint;1;39,3;0,6450852;27,63721;23,35665;23,35665;11,20564;(-149.08, -0.44, 492.91);19,40328;True;False;1;0,05565267;0,00;0,00;0,00;11;11;11;11;0;13,7;0,0;0,0;False;True;4;Left;
DB06;12;Waypoint;1;39,4;0,5572977;27,07995;22,78526;22,78526;10,64832;(-149.21, -0.44, 493.38);19,54542;True;False;1;0,05267404;0,00;0,00;0,00;11;11;11;11;0;13,8;0,0;0,0;False;True;4;Left;
DB06;12;Waypoint;1;39,5;0,6552973;26,42469;22,21386;22,21386;9,993096;(-149.37, -0.44, 493.93);19,70537;True;False;1;0,04963388;0,00;0,00;0,00;11;11;11;11;0;13,9;0,0;0,0;False;True;4;Left;
DB06;12;Waypoint;1;39,6;0,6608065;25,76393;21,6424;21,6424;9,332349;(-149.54, -0.44, 494.48);19,86568;True;False;1;0,04721183;0,00;0,00;0,00;11;11;11;11;0;14,0;0,0;0,0;False;True;4;Left;
DB06;12;Waypoint;1;39,7;0,6612238;25,10274;21,07092;21,07092;8,671315;(-149.70, -0.44, 495.04);20,00156;True;False;1;0,04500466;0,00;0,00;0,00;11;11;11;11;0;14,1;0,0;0,0;False;True;4;Left;
DB06;12;Waypoint;1;39,8;0,6003618;24,50243;20,49944;20,49944;8,070973;(-149.84, -0.44, 495.54);17,92451;True;False;1;0,04583266;0,00;0,00;0,00;11;11;11;11;0;14,2;0,0;0,0;False;True;4;Left;
DB06;12;Waypoint;1;39,9;0,6035522;23,89893;19,92795;19,92795;7,467568;(-149.99, -0.44, 496.05);18,10636;True;False;1;0,04741942;0,00;0,00;0,00;11;11;11;11;0;14,3;0,0;0,0;False;True;4;Left;
DB06;12;Waypoint;1;40,0;0,5220513;23,37693;19,35647;19,35647;6,945647;(-150.12, -0.44, 496.49);18,25934;True;False;1;0,04986957;0,00;0,00;0,00;11;11;11;11;0;14,4;0,0;0,0;False;True;4;Left;
DB06;12;Waypoint;1;40,1;0,6145706;22,76242;18,78499;18,78499;6,331223;(-150.27, -0.44, 497.00);18,437;True;False;1;0,05417211;0,00;0,00;0,00;11;11;11;11;0;14,5;0,0;0,0;False;True;4;Left;
DB06;12;Waypoint;1;40,2;0,531391;22,23109;18,2135;18,2135;5,800023;(-150.40, -0.44, 497.45);18,63646;True;False;1;0,05876404;0,00;0,00;0,00;11;11;11;11;0;14,6;0,0;0,0;False;True;4;Left;
DB06;12;Waypoint;1;40,3;0,6253768;21,60578;17,64202;17,64202;5,174757;(-150.56, -0.44, 497.97);18,75938;True;False;1;0,0653315;0,00;0,00;0,00;11;11;11;11;0;14,7;0,0;0,0;False;True;4;Left;
DB06;12;Waypoint;1;40,4;0,6310106;20,97486;17,07054;17,07054;4,543991;(-150.71, -0.44, 498.50);18,93349;True;False;1;0,07357989;0,00;0,00;0,00;11;11;11;11;0;14,8;0,0;0,0;False;True;4;Left;
DB06;12;Waypoint;1;40,5;0,6367803;20,33816;16,49906;16,49906;3,907591;(-150.87, -0.44, 499.04);19,103;True;False;1;0,08061453;0,00;0,00;0,00;11;11;11;11;0;14,9;0,0;0,0;False;True;4;Left;
DB06;12;Waypoint;1;40,6;0,5502306;19,788;15,92762;15,92762;3,357646;(-151.00, -0.44, 499.50);19,24505;True;False;1;0,08798051;0,00;0,00;0,00;11;11;11;11;0;15,0;0,0;0,0;False;True;4;Left;
DB06;12;Waypoint;1;40,7;0,554244;19,23384;15,35616;15,35616;2,803712;(-151.14, -0.44, 499.97);19,43419;True;False;1;0,09682173;0,00;0,00;0,00;11;11;11;11;0;15,1;0,0;0,0;False;True;4;Left;
DB06;12;Waypoint;1;40,8;0,6517636;18,58216;14,78469;14,78469;2,152666;(-151.30, -0.44, 500.51);19,59723;True;False;1;0,1072185;0,00;0,00;0,00;11;11;11;11;0;15,2;0,0;0,0;False;True;4;Left;
DB06;12;Waypoint;1;40,9;0,657021;17,92526;14,21323;14,21323;1,496477;(-151.46, -0.44, 501.07);19,73615;True;False;1;0,1174549;0,00;0,00;0,00;11;11;11;11;0;15,3;0,0;0,0;False;True;4;Left;
DB06;12;Waypoint;1;41,0;0,5674835;17,35786;13,0703;13,0703;0,9299668;(-151.60, -0.44, 501.54);19,89616;True;False;1;0,1246029;0,00;0,00;0,00;11;11;11;11;0;15,4;0,0;0,0;False;True;4;Left;
DB06;12;Waypoint;1;41,1;0,6534843;16,70451;12,49884;12,49884;0,2785868;(-151.76, -0.44, 502.09);19,12991;True;False;1;0,1331973;0,00;0,00;0,00;11;11;11;11;0;15,5;0,0;0,0;False;True;4;Left;
DB06;12;Waypoint;1;41,1;0,1705705;16,53398;12,49884;12,49884;0,1086952;(-151.80, -0.44, 502.23);18,3285;True;True;1;0,1351897;0,00;0,00;0,00;11;11;11;11;0;15,6;0,0;0,0;False;True;4;Left;
