UserID;ScenarioID;controlMode;requestID;elapsedTimeSinceAccess;distanceTravelledSinceLastLog;distanceToEndOfInstructedPath;lengthOfCurrentInstructedPath;lengthOfCurrentInstructedInputPath;distanceToEnd;vehiclePosition;vehicleSpeed;constructionSiteEntered;endReached;closestLane;currentLaneDeviation;timeOfCollisionAvoidanceTraffic;timeOfCollisionAvoidanceObstacle;timeOfCollisionAvoidancePedestrian;amountOfAdditionInput;amountOfAdditionMarkers;amountOfSnapToMiddleInput;amountOfSnapToMiddleMarkers;amountOfReadjustmentInput;timeSinceLastInput;currentlyNeglectedTime;blindTimeSum;cameraPannedDistanceSum;cameraTravelledDistanceSum;zoomSize;followVehicleFocusTimeSum;followPathEndFocusTimeSum;isMainRequest;isSecondaryRequest;totalRequestAmount;sideOfConstructionSite;
LH22;12;Waypoint;1;0,0;0,01827567;202,0183;196,9147;196,9147;599,7175;(0.00, -0.44, 0.00);0;False;False;1;0,2369704;0,00;0,00;0,00;0;0;0;0;0;0,0;0,0;0,0;0,0;0,0;20;0,00;0,00;False;False;4;Left;
LH22;12;Waypoint;1;0,1;0,01381226;202,0045;196,9147;196,9147;599,7037;(0.00, -0.44, 0.01);0,3741392;False;False;1;0,2367987;0,00;0,00;0,00;0;0;0;0;0;0,1;0,0;0,0;0,0;1482,3;20;0,00;0,00;False;False;4;Left;
LH22;12;Waypoint;1;0,2;0,03955207;201,9649;196,9147;196,9147;599,6641;(-0.01, -0.44, 0.04);1,631613;False;False;1;0,2362518;0,00;0,00;0,00;0;0;0;0;0;0,2;0,0;0,0;0,0;1482,3;20;0,00;0,00;False;False;4;Left;
LH22;12;Waypoint;1;0,3;0,07789041;201,887;196,9147;196,9147;599,5863;(-0.04, -0.44, 0.11);2,624749;False;False;1;0,23584;0,00;0,00;0,00;0;0;0;0;0;0,3;0,0;0,0;0,0;1482,3;20;0,00;0,00;False;False;4;Left;
LH22;12;Waypoint;1;0,4;0,113889;201,7732;196,9147;196,9147;599,4725;(-0.07, -0.44, 0.20);3,394971;False;False;1;0,2336781;0,00;0,00;0,00;0;0;0;0;0;0,4;0,0;0,0;0,0;1482,4;20;0,00;0,00;False;False;4;Left;
LH22;12;Waypoint;1;0,5;0,127366;201,6459;196,9147;196,9147;599,3452;(-0.10, -0.44, 0.31);4,709392;False;False;1;0,2314461;0,00;0,00;0,00;0;0;0;0;0;0,5;0,0;0,0;0,0;1482,5;20;0,00;0,00;False;False;4;Left;
LH22;12;Waypoint;1;0,6;0,1857356;201,4602;196,9147;196,9147;599,1597;(-0.16, -0.44, 0.46);5,923687;False;False;1;0,2276402;0,00;0,00;0,00;0;0;0;0;0;0,6;0,0;0,0;0,0;1482,6;20;0,00;0,00;False;False;4;Left;
LH22;12;Waypoint;1;0,7;0,2284894;201,2318;196,9147;196,9147;598,9315;(-0.22, -0.44, 0.65);7,040301;False;False;1;0,2225926;0,00;0,00;0,00;0;0;0;0;0;0,7;0,0;0,0;0,0;1482,8;20;0,00;0,00;False;False;4;Left;
LH22;12;Waypoint;1;0,8;0,2320022;201;196,9147;196,9147;598,6996;(-0.29, -0.44, 0.84);8,429568;False;False;1;0,2153817;0,00;0,00;0,00;0;0;0;0;0;0,8;0,0;0,0;0,0;1483,0;20;0,00;0,00;False;False;4;Left;
LH22;12;Waypoint;1;0,9;0,3163008;200,6839;196,9147;196,9147;598,3838;(-0.38, -0.44, 1.10);9,910398;False;False;1;0,2044672;0,00;0,00;0,00;0;0;0;0;0;0,9;0,0;0,0;0,0;1483,2;20;0,00;0,00;False;False;4;Left;
LH22;12;Waypoint;1;1,0;0,3676673;200,3165;196,9147;196,9147;598,0165;(-0.49, -0.44, 1.41);11,25823;False;False;1;0,1954674;0,00;0,00;0,00;0;0;0;0;0;1,0;0,0;0,0;0,0;1483,5;20;0,00;0,00;False;False;4;Left;
LH22;12;Waypoint;1;1,1;0,4226453;199,894;196,3433;196,3433;597,5942;(-0.61, -0.44, 1.76);12,68187;False;False;1;0,1871834;0,00;0,00;0,00;0;0;0;0;0;1,1;0,0;0,0;0,0;1483,9;20;0,00;0,00;False;False;4;Left;
LH22;12;Waypoint;1;1,2;0,4074169;199,4866;195,7718;195,7718;597,1871;(-0.72, -0.44, 2.10);14,62638;False;False;1;0,1815228;0,00;0,00;0,00;0;0;0;0;0;1,2;0,0;0,0;0,0;1484,3;20;0,00;0,00;False;False;4;Left;
LH22;12;Waypoint;1;1,3;0,5275705;198,9592;195,2004;195,2004;596,6597;(-0.86, -0.44, 2.53);16,0717;False;False;1;0,1759203;0,00;0,00;0,00;0;0;0;0;0;1,3;0,0;0,0;0,0;1484,7;20;0,00;0,00;False;False;4;Left;
LH22;12;Waypoint;1;1,4;0,5835747;198,3757;194,629;194,629;596,0765;(-1.03, -0.44, 3.02);17,74689;False;False;1;0,1674148;0,00;0,00;0,00;0;0;0;0;0;1,4;0,0;0,0;0,0;1485,2;20;0,00;0,00;False;False;4;Left;
LH22;12;Waypoint;1;1,5;0,5442227;197,8316;194,0576;194,0576;595,5326;(-1.18, -0.44, 3.47);19,40829;False;False;1;0,1607428;0,00;0,00;0,00;0;0;0;0;0;1,5;0,0;0,0;0,0;1485,8;20;0,00;0,00;False;False;4;Left;
LH22;12;Waypoint;1;1,6;0,6862365;197,1455;192,9148;192,9148;594,8467;(-1.36, -0.44, 4.04);20,81958;False;False;1;0,1534559;0,00;0,00;0,00;0;0;0;0;0;1,6;0,0;0,0;0,0;1486,4;20;0,00;0,00;False;False;4;Left;
LH22;12;Waypoint;1;1,7;0,7407621;196,4049;192,3433;192,3433;594,1064;(-1.57, -0.44, 4.66);22,45984;False;False;1;0,1428841;0,00;0,00;0,00;0;0;0;0;0;1,7;0,0;0,0;0,0;1487,0;20;0,00;0,00;False;False;4;Left;
LH22;12;Waypoint;1;1,8;0,677874;195,7271;191,2005;191,2005;593,4288;(-1.76, -0.44, 5.22);24,08357;False;False;1;0,1343829;0,00;0,00;0,00;0;0;0;0;0;1,8;0,0;0,0;0,0;1487,8;20;0,00;0,00;False;False;4;Left;
LH22;12;Waypoint;1;1,9;0,8412834;194,886;190,629;190,629;592,588;(-1.99, -0.44, 5.92);25,46516;False;False;1;0,1247494;0,00;0,00;0,00;0;0;0;0;0;1,9;0,0;0,0;0,0;1488,4;20;0,00;0,00;False;False;4;Left;
LH22;12;Waypoint;1;2,0;0,894685;193,9915;189,4861;189,4861;591,6938;(-2.23, -0.44, 6.66);27,06994;False;False;1;0,1135057;0,00;0,00;0,00;0;0;0;0;0;2,0;0,0;0,0;0,0;1489,3;20;0,00;0,00;False;False;4;Left;
LH22;12;Waypoint;1;2,1;0,8090768;193,1826;188,9147;188,9147;590,8852;(-2.46, -0.44, 7.33);28,65504;False;False;1;0,1034785;0,00;0,00;0,00;0;0;0;0;0;2,1;0,0;0,0;0,0;1490,2;20;0,02;0,00;True;False;4;Left;
LH22;12;Waypoint;1;2,2;0,9929577;192,1898;187,7718;187,7718;589,8928;(-2.73, -0.44, 8.16);28,88627;False;False;1;0,09056354;0,00;0,00;0,00;0;0;0;0;0;2,2;0,0;0,0;0,0;1491,0;20;0,09;0,00;True;False;4;Left;
LH22;12;Waypoint;1;2,3;0,8916869;191,2983;186,6289;186,6289;589,0015;(-2.98, -0.44, 8.90);31,58376;False;False;1;0,0799707;0,00;0,00;0,00;0;0;0;0;0;2,3;0,0;0,0;0,0;1491,8;20;0,21;0,00;True;False;4;Left;
LH22;12;Waypoint;1;2,4;1,090254;190,2083;185,4861;185,4861;587,9119;(-3.28, -0.44, 9.80);33,13385;False;False;1;0,06696839;0,00;0,00;0,00;0;0;0;0;0;2,4;0,0;0,0;0,0;1492,8;20;0,31;0,00;True;False;4;Left;
LH22;12;Waypoint;1;2,5;1,140967;189,0676;184,3433;184,3433;586,7715;(-3.59, -0.44, 10.75);34,4551;False;False;1;0,05346975;0,00;0,00;0,00;0;0;0;0;0;2,5;0,0;0,0;0,0;1493,9;20;0,40;0,00;True;False;4;Left;
LH22;12;Waypoint;1;2,6;1,193024;187,8748;183,2005;183,2005;585,5791;(-3.92, -0.44, 11.74);35,77441;False;False;1;0,04159098;0,00;0,00;0,00;0;0;0;0;0;2,6;0,0;0,0;0,0;1495,0;20;0,50;0,00;True;False;4;Left;
LH22;12;Waypoint;1;2,7;1,062064;186,813;182,0576;182,0576;584,5176;(-4.21, -0.44, 12.62);37,49256;False;False;1;0,0331142;0,00;0,00;0,00;0;0;0;0;0;2,7;0,0;0,0;0,0;1496,2;20;0,61;0,00;True;False;4;Left;
LH22;12;Waypoint;1;2,8;1,284434;185,5288;180,9148;180,9148;583,2339;(-4.57, -0.44, 13.69);38,75634;False;False;1;0,02926497;0,00;0,00;0,00;0;0;0;0;0;2,8;0,0;0,0;0,0;1497,3;20;0,70;0,00;True;False;4;Left;
LH22;12;Waypoint;1;2,9;1,333558;184,1955;179,2005;179,2005;581,9011;(-4.94, -0.44, 14.80);40,20653;False;False;1;0,03747174;0,00;0,00;0,00;0;0;0;0;0;2,9;0,0;0,0;0,0;1498,6;20;0,80;0,00;True;False;4;Left;
LH22;12;Waypoint;1;3,0;1,380564;182,8153;178,0578;178,0578;580,5212;(-5.32, -0.44, 15.94);41,42626;False;False;1;0,05171878;0,00;0,00;0,00;0;0;0;0;0;3,0;0,0;0,0;0,0;1499,9;32;0,90;0,00;True;False;4;Left;
LH22;12;Waypoint;1;3,1;1,015168;181,8003;176,3436;176,3436;579,5067;(-5.60, -0.44, 16.79);42,82334;False;False;1;0,06520002;0,00;0,00;0,00;0;0;0;0;0;3,1;0,0;0,0;0,0;1501,1;32;1,00;0,00;True;False;4;Left;
LH22;12;Waypoint;1;3,2;1,45982;180,3409;175,2008;175,2008;578,0475;(-6.00, -0.44, 18.00);44,19221;False;False;1;0,08542394;0,00;0,00;0,00;0;0;0;0;0;3,2;0,0;0,0;0,0;1502,3;32;1,10;0,00;True;False;4;Left;
LH22;12;Waypoint;1;3,3;1,505259;178,836;173,4866;173,4866;576,5431;(-6.41, -0.44, 19.25);45,3402;False;False;1;0,1080738;0,00;0,00;0,00;0;0;0;0;0;3,3;0,0;0,0;0,0;1503,7;44;1,20;0,00;True;False;4;Left;
LH22;12;Waypoint;1;3,4;1,324756;177,5115;172,3437;172,3437;575,2191;(-6.78, -0.44, 20.35);46,65327;False;False;1;0,1293124;0,00;0,00;0,00;0;0;0;0;0;3,4;0,0;0,0;0,0;1505,0;44;1,30;0,00;True;False;4;Left;
LH22;12;Waypoint;1;3,5;1,585398;175,9265;170,6295;170,6295;573,6346;(-7.22, -0.44, 21.67);47,94194;False;False;1;0,1551362;0,00;0,00;0,00;0;0;0;0;0;3,5;0,0;0,0;0,0;1506,5;46;1,40;0,00;True;False;4;Left;
LH22;12;Waypoint;1;3,6;1,628147;174,2987;168,9153;168,9153;572,0073;(-7.66, -0.44, 23.02);49,19954;False;False;1;0,1834753;0,00;0,00;0,00;0;0;0;0;0;3,6;0,0;0,0;0,0;1508,1;58;1,51;0,00;True;False;4;Left;
LH22;12;Waypoint;1;3,7;1,668607;172,6303;167,7726;167,7726;570,3392;(-8.12, -0.44, 24.41);50,06601;False;False;1;0,202319;0,00;0,00;0,00;0;0;0;0;0;3,7;0,0;0,0;0,0;1509,7;58;1,59;0,00;True;False;4;Left;
LH22;12;Waypoint;1;3,8;1,462672;171,1677;165,4868;165,4868;568,8766;(-8.50, -0.44, 25.63);51,44981;False;False;1;0,2017887;0,00;0,00;0,00;0;0;0;0;0;3,8;0,0;0,0;0,0;1511,2;58;1,71;0,00;True;False;4;Left;
LH22;12;Waypoint;1;3,9;1,744515;169,4232;163,7725;163,7725;567,1324;(-8.95, -0.44, 27.09);52,68065;False;False;1;0,1983372;0,00;0,00;0,00;0;0;0;0;0;3,9;0,0;0,0;0,0;1512,9;62;1,81;0,00;True;False;4;Left;
LH22;12;Waypoint;1;4,0;1,784322;167,6388;162,0582;162,0582;565,348;(-9.41, -0.44, 28.58);53,54406;False;False;1;0,194714;0,00;0,00;0,00;0;0;0;0;0;4,0;0,0;0,0;0,0;1514,6;62;1,89;0,00;True;False;4;Left;
LH22;12;Waypoint;1;4,1;1,562097;166,0768;160,344;160,344;563,7862;(-9.81, -0.44, 29.88);54,9245;False;False;1;0,1925244;0,00;0,00;0,00;0;0;0;0;0;4,1;0,0;0,0;0,0;1516,4;62;2,01;0,00;True;False;4;Left;
LH22;12;Waypoint;1;4,2;1,859775;164,217;158,6297;158,6297;561,9265;(-10.29, -0.44, 31.44);56,12273;False;False;1;0,1909757;0,00;0,00;0,00;0;0;0;0;0;4,2;0,0;0,0;0,0;1517,9;62;2,11;0,00;True;False;4;Left;
LH22;12;Waypoint;1;4,3;1,898631;162,3184;156,9155;156,9155;560,0281;(-10.79, -0.44, 33.03);56,97342;False;False;1;0,1899246;0,00;0,00;0,00;0;0;0;0;0;4,3;0,0;0,0;0,0;1519,8;62;2,19;0,00;True;False;4;Left;
LH22;12;Waypoint;1;4,4;1,659144;160,6592;154,63;154,63;558,369;(-11.22, -0.44, 34.41);58,31671;False;False;1;0,188943;0,00;0,00;0,00;0;0;0;0;0;4,4;0,0;0,0;0,0;1521,7;62;2,31;0,00;True;False;4;Left;
LH22;12;Waypoint;1;4,5;1,971941;158,6873;152,9157;152,9157;556,3973;(-11.73, -0.44, 36.06);59,47848;False;False;1;0,1884679;0,00;0,00;0,00;0;0;0;0;0;4,5;0,0;0,0;0,0;1523,3;64;2,41;0,00;True;False;4;Left;
LH22;12;Waypoint;1;4,6;2,009658;156,6777;151,2014;151,2014;554,3879;(-12.25, -0.44, 37.74);60,30204;False;False;1;0,1878933;0,00;0,00;0,00;0;0;0;0;0;4,6;0,0;0,0;0,0;1525,3;64;2,49;0,00;True;False;4;Left;
LH22;12;Waypoint;1;4,7;1,753419;154,9242;148,9158;148,9158;552,6346;(-12.71, -0.44, 39.20);61,60138;False;False;1;0,1875932;0,00;0,00;0,00;0;0;0;0;0;4,7;0,0;0,0;0,0;1527,3;64;2,61;0,00;True;False;4;Left;
LH22;12;Waypoint;1;4,8;2,080669;152,8436;146,63;146,63;550,5541;(-13.25, -0.44, 40.94);62,75101;False;False;1;0,1878559;0,00;0,00;0,00;0;0;0;0;0;4,8;0,0;0,0;0,0;1529,1;64;2,71;0,00;True;False;4;Left;
LH22;12;Waypoint;1;4,9;2,117687;150,7259;144,9158;144,9158;548,4367;(-13.80, -0.44, 42.71);63,70358;False;False;1;0,1878137;0,00;0,00;0,00;0;0;0;0;0;4,9;0,0;0,0;0,0;1531,1;64;2,79;0,00;True;False;4;Left;
LH22;12;Waypoint;1;5,0;1,84442;148,8815;142,6301;142,6301;546,5924;(-14.28, -0.44, 44.25);64,77954;False;False;1;0,1880981;0,00;0,00;0,00;0;0;0;0;0;5,0;0,0;0,0;0,0;1533,3;64;2,91;0,00;True;False;4;Left;
LH22;12;Waypoint;1;5,1;2,185722;146,6958;140,9158;140,9158;544,407;(-14.85, -0.44, 46.08);65,88726;False;False;1;0,1890354;0,00;0,00;0,00;0;0;0;0;0;5,1;0,0;0,0;0,0;1535,1;64;3,01;0,00;True;False;4;Left;
LH22;12;Waypoint;1;5,2;2,221355;144,4745;138,63;138,63;542,1859;(-15.43, -0.44, 47.93);66,80733;False;False;1;0,1893137;0,00;0,00;0,00;0;0;0;0;0;5,2;0,0;0,0;0,0;1537,3;64;3,09;0,00;True;False;4;Left;
LH22;12;Waypoint;1;5,3;2,256916;142,2176;136,9157;136,9157;539,9291;(-16.02, -0.44, 49.82);67,71694;False;False;1;0,1901607;0,00;0,00;0,00;0;0;0;0;0;5,3;0,0;0,0;0,0;1539,5;64;3,20;0,00;True;False;4;Left;
LH22;12;Waypoint;1;5,4;1,962141;140,2555;134,0586;134,0586;537,9673;(-16.53, -0.44, 51.46);68,89955;False;False;1;0,1912725;0,00;0,00;0,00;0;0;0;0;0;5,4;0,0;0,0;0,0;1541,4;64;3,30;0,00;True;False;4;Left;
LH22;12;Waypoint;1;5,5;2,32094;137,9346;132,3442;132,3442;535,6465;(-17.14, -0.44, 53.39);69,77767;False;False;1;0,192209;0,00;0,00;0,00;0;0;0;0;0;5,5;0,0;0,0;5,0;1543,4;64;3,30;0,00;True;False;4;Left;
LH22;12;Waypoint;1;5,6;2,355753;135,5789;130,0584;130,0584;533,2911;(-17.75, -0.44, 55.36);70,79982;False;False;1;0,1937732;0,00;0,00;0,00;0;0;0;0;0;5,6;0,0;0,0;22,0;1548,4;64;3,30;0,00;True;False;4;Left;
LH22;12;Waypoint;1;5,7;2,045314;133,5336;127,7727;127,7727;531,246;(-18.28, -0.44, 57.07);71,83311;False;False;1;0,195125;0,00;0,00;0,00;0;0;0;0;0;5,7;0,0;0,0;37,0;1565,3;64;3,30;0,00;True;False;4;Left;
LH22;12;Waypoint;1;5,8;2,417551;131,1161;125,4871;125,4871;528,8287;(-18.91, -0.44, 59.09);72,66628;False;False;1;0,1965176;0,00;0,00;0,00;0;0;0;0;0;5,8;0,0;0,0;51,5;1580,4;64;3,30;0,00;True;False;4;Left;
LH22;12;Waypoint;1;5,9;2,451174;128,6649;123,2014;123,2014;526,3778;(-19.55, -0.44, 61.14);73,64889;False;False;1;0,198712;0,00;0,00;0,00;0;0;0;0;0;5,9;0,0;0,0;56,7;1594,8;64;3,30;0,00;True;False;4;Left;
LH22;12;Waypoint;1;6,0;2,48259;126,1824;120,9156;120,9156;523,8956;(-20.20, -0.44, 63.21);74,4799;False;False;1;0,2009043;0,00;0,00;0,00;0;0;0;0;0;6,0;0,0;0,0;59,7;1600,1;64;3,30;0,00;True;False;4;Left;
LH22;12;Waypoint;1;6,1;2,154038;124,0284;118,6299;118,6299;521,7416;(-20.76, -0.44, 65.01);75,46784;False;False;1;0,2031393;0,00;0,00;0,00;0;0;0;0;0;6,1;0,0;0,0;68,5;1603,1;64;3,30;0,00;True;False;4;Left;
LH22;12;Waypoint;1;6,2;2,542267;121,4862;115,7727;115,7727;519,1998;(-21.43, -0.44, 67.13);76,39066;False;False;1;0,2069117;0,00;0,00;0,00;0;0;0;0;0;6,2;0,0;0,0;74,3;1611,8;64;3,30;0,00;True;False;4;Left;
LH22;12;Waypoint;1;6,3;2,573355;118,9129;113,487;113,487;516,6266;(-22.10, -0.44, 69.28);77,19131;False;False;1;0,2108233;0,00;0,00;0,00;0;0;0;0;0;6,3;0,0;0,0;79,8;1617,7;64;3,30;0,00;True;False;4;Left;
LH22;12;Waypoint;1;6,4;2,230084;116,6828;111,2012;111,2012;514,3968;(-22.68, -0.44, 71.14);78,13797;False;False;1;0,2153488;0,00;0,00;0,00;0;0;0;0;0;6,4;0,0;0,0;80,4;1623,2;64;3,30;0,00;True;False;4;Left;
LH22;12;Waypoint;1;6,5;2,252434;114,4304;108,344;108,344;512,1445;(-23.27, -0.44, 73.03);79,05046;False;False;1;0,2207353;0,00;0,00;0,00;0;0;0;0;0;6,5;0,0;0,0;80,4;1623,8;64;3,30;0,00;True;False;4;Left;
LH22;12;Waypoint;1;6,6;2,656242;111,7742;106,0584;106,0584;509,4887;(-23.96, -0.44, 75.24);79,90761;False;False;1;0,228323;0,00;0,00;0,00;0;0;0;0;0;6,6;0,0;0,0;80,4;1623,8;64;3,30;0,00;True;False;4;Left;
LH22;12;Waypoint;1;6,7;2,288815;109,4855;103,7727;103,7727;507,2001;(-24.55, -0.44, 77.16);80,15988;False;False;1;0,2356689;0,00;0,00;0,00;0;0;0;0;0;6,7;0,0;0,0;80,4;1623,8;64;3,30;0,00;True;False;4;Left;
LH22;12;Waypoint;1;6,8;2,67173;106,8138;100,9155;100,9155;504,5287;(-25.25, -0.44, 79.39);80,11888;False;False;1;0,2445759;0,00;0,00;0,00;0;0;0;0;0;6,8;0,0;0,0;80,4;1623,8;64;3,30;0,00;True;False;4;Left;
LH22;12;Waypoint;1;6,9;2,672325;104,1415;98,05833;98,05833;501,8566;(-25.95, -0.44, 81.62);80,13209;False;False;1;0,2544976;0,00;0,00;0,00;0;0;0;0;0;6,9;0,0;0,0;80,4;1623,8;64;3,30;0,00;True;False;4;Left;
LH22;12;Waypoint;1;7,0;2,288949;101,8527;95,77265;95,77265;499,5678;(-26.54, -0.44, 83.53);80,15841;False;False;1;0,2629987;0,00;0,00;0,00;0;0;0;0;0;7,0;0,0;0,0;80,4;1623,8;68;3,30;0,00;True;False;4;Left;
LH22;12;Waypoint;1;7,1;2,671709;99,18102;92,91558;92,91558;496,8965;(-27.24, -0.44, 85.76);80,11806;False;False;1;0,2720734;0,00;0,00;0,00;0;0;0;0;0;7,1;0,0;0,0;80,4;1623,8;74;3,30;0,00;True;False;4;Left;
LH22;12;Waypoint;1;7,2;2,671597;96,5095;90,62982;90,62982;494,2252;(-27.94, -0.44, 88.00);80,15585;False;False;1;0,2801327;0,00;0,00;0,00;0;0;0;0;0;7,2;0,0;0,0;80,4;1623,8;76;3,30;0,00;True;False;4;Left;
LH22;12;Waypoint;1;7,3;2,671422;93,83815;88,34422;88,34422;491,5541;(-28.63, -0.44, 90.23);80,10612;False;False;1;0,2860836;0,00;0,00;0,00;0;0;0;0;0;7,3;0,0;0,0;80,4;1623,8;76;3,30;0,00;True;False;4;Left;
LH22;12;Waypoint;1;7,4;2,289738;91,54846;85,48687;85,48687;489,2645;(-29.23, -0.44, 92.14);80,10922;False;False;1;0,289184;0,00;0,00;0,00;0;0;0;0;0;7,4;0,0;0,0;80,4;1623,8;76;3,30;0,00;True;False;4;Left;
LH22;12;Waypoint;1;7,5;2,671484;88,87698;82,62952;82,62952;486,5931;(-29.90, -0.44, 94.38);80,15695;False;False;1;0,275059;0,00;0,00;0,00;0;0;0;0;0;7,5;0,0;0,0;80,4;1623,8;76;3,30;0,00;True;False;4;Left;
LH22;12;Waypoint;1;7,6;2,67167;86,20535;80,34367;80,34367;483,9214;(-30.57, -0.44, 96.62);80,13316;False;False;1;0,2505979;0,00;0,00;0,00;0;0;0;0;0;7,6;0,0;0,0;80,4;1623,8;76;3,30;0,00;True;False;4;Left;
LH22;12;Waypoint;1;7,7;2,672157;83,53325;78,05785;78,05785;481,2493;(-31.24, -0.44, 98.86);80,16335;False;False;1;0,2239427;0,00;0,00;0,00;0;0;0;0;0;7,7;0,0;0,0;80,4;1623,8;76;3,30;0,00;True;False;4;Left;
LH22;12;Waypoint;1;7,8;2,289734;81,24357;75,20062;75,20062;478,9595;(-31.81, -0.44, 100.78);80,16402;False;False;1;0,2010194;0,00;0,00;0,00;0;0;0;0;0;7,8;0,0;0,0;80,4;1623,8;76;3,30;0,00;True;False;4;Left;
LH22;12;Waypoint;1;7,9;2,67181;78,57182;72,91486;72,91486;476,2877;(-32.47, -0.44, 103.02);80,16666;False;False;1;0,1741325;0,00;0,00;0,00;0;0;0;0;0;7,9;0,0;0,0;80,4;1623,8;76;3,30;0,00;True;False;4;Left;
LH22;12;Waypoint;1;8,0;2,671741;75,90014;70,05769;70,05769;473,616;(-33.14, -0.44, 105.26);80,16718;False;False;1;0,148907;0,00;0,00;0,00;0;0;0;0;0;8,0;0,0;0,0;80,4;1623,8;76;3,30;0,00;True;False;4;Left;
LH22;12;Waypoint;1;8,1;2,671901;73,22831;67,77198;67,77198;470,944;(-33.80, -0.44, 107.50);80,11714;False;False;1;0,1236833;0,00;0,00;0,00;0;0;0;0;0;8,1;0,0;0,0;80,4;1623,8;78;3,30;0,00;True;False;4;Left;
LH22;12;Waypoint;1;8,2;1,908215;71,32014;65,48627;65,48627;469,0359;(-34.28, -0.44, 109.10);80,17075;False;False;1;0,107053;0,00;0,00;0,00;0;0;0;0;0;8,2;0,0;0,0;80,4;1623,8;78;3,30;0,00;True;False;4;Left;
LH22;12;Waypoint;1;8,3;2,672159;68,64805;62,62918;62,62918;466,3638;(-34.95, -0.44, 111.34);80,18524;False;False;1;0,08304905;0,00;0,00;0,00;0;0;0;0;0;8,3;0,0;0,0;80,4;1623,8;78;3,30;0,00;True;False;4;Left;
LH22;12;Waypoint;1;8,4;2,673101;65,97501;59,77221;59,77221;463,6906;(-35.62, -0.44, 113.59);80,14749;False;False;1;0,06148127;0,00;0,00;0,00;0;0;0;0;0;8,4;0,0;0,0;80,4;1623,8;84;3,30;0,00;True;False;4;Left;
LH22;12;Waypoint;1;8,5;2,28934;63,68573;57,48664;57,48664;461,4013;(-36.19, -0.44, 115.51);80,17708;False;False;1;0,04467136;0,00;0,00;0,00;0;0;0;0;0;8,5;0,0;0,0;80,4;1623,8;86;3,30;0,00;True;False;4;Left;
LH22;12;Waypoint;1;8,6;2,672358;61,01345;55,20106;55,20106;458,7289;(-36.86, -0.44, 117.75);80,13232;False;False;1;0,02849101;0,00;0,00;0,00;0;0;0;0;0;8,6;0,0;0,0;80,4;1623,8;86;3,30;0,00;True;False;4;Left;
LH22;12;Waypoint;1;8,7;2,672284;58,34125;52,34394;52,34394;456,0566;(-37.52, -0.44, 119.99);80,17229;False;False;1;0,03026444;0,00;0,00;0,00;0;0;0;0;0;8,7;0,0;0,0;80,4;1623,8;86;3,30;0,00;True;False;4;Left;
LH22;12;Waypoint;1;8,8;2,671749;55,66959;50,05823;50,05823;453,3849;(-38.19, -0.44, 122.23);80,11793;False;False;1;0,04314714;0,00;0,00;0,00;0;0;0;0;0;8,8;0,0;0,0;80,4;1623,8;86;3,30;0,00;True;False;4;Left;
LH22;12;Waypoint;1;8,9;2,290208;53,37947;47,20126;47,20126;451,0947;(-38.76, -0.44, 124.15);80,1237;False;False;1;0,05913027;0,00;0,00;0,00;0;0;0;0;0;8,9;0,0;0,0;95,0;1623,8;86;3,30;0,00;True;False;4;Left;
LH22;12;Waypoint;1;9,0;2,672057;50,70752;44,91551;44,91551;448,4226;(-39.43, -0.44, 126.39);80,16663;False;False;1;0,08021338;0,00;0,00;0,00;0;0;0;0;0;9,0;0,0;0,0;113,5;1638,4;86;3,30;0,00;True;False;4;Left;
LH22;12;Waypoint;1;9,1;2,671943;48,03569;42,62982;42,62982;445,7507;(-40.10, -0.44, 128.63);80,13937;False;False;1;0,10045;0,00;0,00;0,00;0;0;0;0;0;9,1;0,0;0,0;124,4;1656,9;86;3,30;0,00;True;False;4;Left;
LH22;12;Waypoint;1;9,2;2,672136;45,36369;40,3439;40,3439;443,0786;(-40.77, -0.44, 130.87);80,16621;False;False;1;0,1214989;0,00;0,00;0,00;0;0;0;0;0;9,2;0,0;0,0;141,2;1667,7;86;3,30;0,00;True;False;4;Left;
LH22;12;Waypoint;1;9,3;2,182585;43,18122;36,91544;36,91544;440,896;(-41.31, -0.44, 132.70);74,57909;False;False;1;0,1385983;0,00;0,00;0,00;0;0;0;0;0;9,3;0,0;0,0;151,3;1684,5;86;3,30;0,00;True;False;4;Left;
LH22;12;Waypoint;1;9,4;2,301363;40,88001;35,20105;35,20105;438,5946;(-41.89, -0.44, 134.63);68,04196;False;False;1;0,1584523;0,00;0,00;0,00;0;0;0;0;0;9,4;0,0;0,0;151,3;1694,0;86;3,30;0,00;True;False;4;Left;
LH22;12;Waypoint;1;9,5;2,093581;38,78669;32,91533;32,91533;436,5011;(-42.40, -0.44, 136.39);61,83715;False;False;1;0,1834483;0,00;0,00;0,00;0;0;0;0;0;9,5;0,0;0,0;151,3;1694,0;86;3,30;0,00;True;False;4;Left;
LH22;12;Waypoint;1;9,6;1,633198;37,15376;31,20113;31,20113;434,8679;(-42.80, -0.44, 137.76);56,72924;False;False;1;0,2054088;0,00;0,00;0,00;0;0;0;0;0;9,6;0,0;0,0;151,3;1694,0;86;3,30;0,00;True;False;4;Left;
LH22;12;Waypoint;1;9,7;1,490423;35,66349;30,05835;30,05835;433,3775;(-43.18, -0.44, 139.01);50,92775;False;False;1;0,2194685;0,00;0,00;0,00;0;0;0;0;0;9,7;0,0;0,0;151,3;1694,0;86;3,30;0,00;True;False;4;Left;
LH22;12;Waypoint;1;9,8;1,56088;34,10262;28,91549;28,91549;431,8168;(-43.58, -0.44, 140.31);45,27421;False;False;1;0,211293;0,00;0,00;0,00;0;0;0;0;0;9,8;0,0;0,0;151,3;1694,0;86;3,30;0,00;True;False;4;Left;
LH22;12;Waypoint;1;9,9;1,375956;32,72668;27,77266;27,77266;430,4412;(-43.95, -0.44, 141.46);39,67473;False;False;1;0,1961113;0,00;0,00;0,00;0;0;0;0;0;9,9;0,0;0,0;151,3;1694,0;86;3,30;0,00;True;False;4;Left;
LH22;12;Waypoint;1;10,0;1,037223;31,68948;26,62983;26,62983;429,4041;(-44.22, -0.44, 142.33);35,15831;False;False;1;0,1846484;0,00;0,00;0,00;0;0;0;0;0;10,0;0,0;0,0;151,3;1694,0;86;3,30;0,00;True;False;4;Left;
LH22;12;Waypoint;1;10,1;1,182402;30,50709;26,05846;26,05846;428,222;(-44.54, -0.44, 143.31);30,69014;False;False;1;0,1732731;0,00;0,00;0,00;0;0;0;0;0;10,1;0,0;0,0;151,3;1694,0;86;3,30;0,00;True;False;4;Left;
LH22;12;Waypoint;1;10,2;0,7439642;0,2346218;0;0;427,4781;(-44.73, -0.44, 143.93);24,97384;False;False;1;0,1670777;0,00;0,00;0,00;0;0;0;0;0;10,2;0,0;0,0;151,3;1694,0;86;3,30;0,00;True;False;4;Left;
LH22;12;Waypoint;1;10,3;0,7145924;0,9492141;0;0;426,7636;(-44.92, -0.43, 144.53);20,75989;False;False;1;0,1621058;0,00;0,00;0,00;0;0;0;0;0;10,3;0,1;0,0;151,3;1694,0;86;3,30;0,00;True;False;4;Left;
LH22;12;Waypoint;1;10,4;0,5552963;0,466234;0;0;426,2083;(-45.07, -0.43, 144.99);15,96795;False;False;1;0,158724;0,00;0,00;0,00;0;0;0;0;0;10,4;0,2;0,0;151,3;1694,0;86;3,30;0,00;True;False;4;Left;
LH22;12;Waypoint;1;10,5;0,4007823;0,8670163;0;0;425,8076;(-45.17, -0.43, 145.33);12,02457;False;False;1;0,1566146;0,00;0,00;0,00;0;0;0;0;0;10,5;0,3;0,0;151,3;1694,0;86;3,30;0,00;True;False;4;Left;
LH22;12;Waypoint;1;10,6;0,1942368;1,061253;0;0;425,6134;(-45.22, -0.43, 145.49);7,529201;False;False;1;0,1556444;0,00;0,00;0,00;0;0;0;0;0;10,6;0,4;0,0;151,3;1694,0;86;3,30;0,00;True;False;4;Left;
LH22;12;Waypoint;1;10,7;0,148788;1,210041;0;0;425,4646;(-45.26, -0.43, 145.61);3,161932;False;False;1;0,1549262;0,00;0,00;0,00;0;0;0;0;0;10,7;0,5;0,0;151,3;1694,0;86;3,30;0,00;True;False;4;Left;
LH22;12;Waypoint;1;10,8;0,09397511;1,303897;0;0;425,3709;(-45.29, -0.44, 145.69);2,709732;False;False;1;0,1551771;0,00;0,00;0,00;0;0;0;0;0;10,8;0,6;0,0;151,3;1694,0;86;3,30;0,00;True;False;4;Left;
LH22;12;Waypoint;1;10,9;0,06782445;1,371718;0;0;425,3029;(-45.30, -0.44, 145.75);2,251468;False;False;1;0,1550218;0,00;0,00;0,00;0;0;0;0;0;10,9;0,7;0,0;151,3;1694,0;86;3,30;0,00;True;False;4;Left;
LH22;12;Waypoint;1;11,0;0,06578878;1,437506;0;0;425,2372;(-45.32, -0.44, 145.80);1,907243;False;False;1;0,1546291;0,00;0,00;0,00;0;0;0;0;0;11,0;0,8;0,0;151,3;1694,0;86;3,30;0,00;True;False;4;Left;
LH22;12;Waypoint;1;11,1;0,05140786;1,488913;0;0;425,1858;(-45.33, -0.44, 145.85);1,538378;False;False;1;0,1545069;0,00;0,00;0,00;0;0;0;0;0;11,1;0,9;0,0;151,3;1694,0;86;3,30;0,00;True;False;4;Left;
LH22;12;Waypoint;1;11,2;0,03383983;1,522752;0;0;425,1521;(-45.34, -0.44, 145.87);1,158038;False;False;1;0,1541094;0,00;0,00;0,00;0;0;0;0;0;11,2;1,0;0,0;151,3;1694,0;86;3,30;0,00;True;False;4;Left;
LH22;12;Waypoint;1;11,3;0,02537606;0,005960233;0;0;425,1266;(-45.35, -0.44, 145.90);0;False;False;1;0,1541186;0,00;0,00;0,00;0;0;0;0;0;11,3;1,1;0,0;151,3;1694,0;86;3,30;0,00;True;False;4;Left;
LH22;12;Waypoint;1;11,4;0,01280161;0,0008656302;0;0;425,1138;(-45.35, -0.44, 145.91);0,2769854;False;False;1;0,1542619;0,00;0,00;0,00;0;0;0;0;0;11,4;1,2;0,0;151,3;1694,0;86;3,30;0,00;True;False;4;Left;
LH22;12;Waypoint;1;11,5;0,001039318;0,001897527;0;0;425,1128;(-45.35, -0.44, 145.91);0,03579102;False;False;1;0,1542409;0,00;0,00;0,00;0;0;0;0;0;11,5;1,3;0,0;151,3;1694,0;86;3,30;0,00;True;False;4;Left;
LH22;12;Waypoint;1;11,6;0,0008878294;0,001057879;0;0;425,1137;(-45.35, -0.44, 145.91);0,02801299;False;False;1;0,1542109;0,00;0,00;0,00;0;0;0;0;0;11,6;1,4;0,0;151,3;1694,0;86;3,30;0,00;True;False;4;Left;
LH22;12;Waypoint;1;11,7;0,00101564;0,000220583;0;0;425,1147;(-45.35, -0.44, 145.91);0,02867502;False;False;1;0,1542109;0,00;0,00;0,00;0;0;0;0;0;11,7;1,5;0,0;151,3;1694,0;86;3,30;0,00;True;False;4;Left;
LH22;12;Waypoint;1;11,8;0,0009790505;0,0009987319;0;0;425,1155;(-45.35, -0.44, 145.90);0,02558002;False;False;1;0,1540138;0,00;0,00;0,00;0;0;0;0;0;11,8;1,6;0,0;151,3;1694,0;86;3,30;0,00;True;False;4;Left;
LH22;12;Waypoint;1;11,9;0,0008628151;0,001837603;0;0;425,1164;(-45.35, -0.44, 145.90);0,02505872;False;False;1;0,1539809;0,00;0,00;0,00;0;0;0;0;0;11,9;1,7;0,0;151,3;1694,0;86;3,30;0,00;True;False;4;Left;
LH22;12;Waypoint;1;12,0;0,00101564;0,002840301;0;0;425,1174;(-45.35, -0.44, 145.90);0;False;False;1;0,1539481;0,00;0,00;0,00;0;0;0;0;0;12,0;1,8;0,0;151,3;1694,0;86;3,30;0,00;True;False;4;Left;
LH22;12;Waypoint;1;12,1;0,0009864771;0,0005623785;0;0;425,1184;(-45.35, -0.44, 145.90);0;False;False;1;0,1537764;0,00;0,00;0,00;0;0;0;0;0;12,1;1,9;0,0;151,3;1694,0;86;3,30;0,00;True;False;4;Left;
LH22;12;Waypoint;1;12,2;0,0008823319;0,001438025;0;0;425,1194;(-45.35, -0.44, 145.90);0,02722205;False;False;1;0,1538092;0,00;0,00;0,00;0;0;0;0;0;12,2;2,0;0,0;151,3;1694,0;86;3,30;0,00;True;False;4;Left;
LH22;12;Waypoint;1;12,3;0,00101564;0,000728258;0;0;425,1204;(-45.35, -0.44, 145.90);0,02676994;False;False;1;0,1537764;0,00;0,00;0,00;0;0;0;0;0;12,3;2,1;0,0;151,3;1694,0;86;3,30;0,00;True;False;4;Left;
LH22;12;Waypoint;1;12,4;0,0009987319;0,00172563;0;0;425,1214;(-45.35, -0.44, 145.90);0,02319509;False;False;1;0,1537107;0,00;0,00;0,00;0;0;0;0;0;12,4;2,2;0,0;151,3;1694,0;86;3,30;0,00;True;False;4;Left;
LH22;12;Waypoint;1;12,5;0,00057521;0,00230084;0;0;425,122;(-45.35, -0.44, 145.90);0,0002403388;False;False;1;0,1536778;0,00;0,00;0,00;0;0;0;0;0;12,5;2,3;0,0;151,3;1694,0;86;3,30;0,00;True;False;4;Left;
LH22;12;Waypoint;1;12,6;0;0,00230084;0;0;425,122;(-45.35, -0.44, 145.90);0;False;False;1;0,1536778;0,00;0,00;0,00;0;0;0;0;0;12,6;2,4;0,0;151,3;1694,0;86;3,30;0,00;True;False;4;Left;
LH22;12;Waypoint;1;12,7;0;35,61912;32,6474;0;425,122;(-45.35, -0.44, 145.90);0;False;False;1;0,1536778;0,00;0,00;0,00;1;1;1;1;0;0,0;0,0;0,0;151,3;1694,0;86;3,30;0,00;True;False;4;Left;
LH22;12;Waypoint;1;12,8;0,03728107;35,5819;32,6474;0;425,0847;(-45.36, -0.44, 145.93);1,671234;False;False;1;0,1532988;0,00;0,00;0,00;1;1;1;1;0;0,1;0,0;0,0;151,3;1694,0;86;3,30;0,00;True;False;4;Left;
LH22;12;Waypoint;1;12,9;0,1005525;35,48135;32,33189;0;424,9842;(-45.39, -0.44, 146.01);3,568331;False;False;1;0,152263;0,00;0,00;0,00;1;1;1;1;0;0,2;0,0;0,0;151,3;1694,0;86;3,30;0,00;True;False;4;Left;
LH22;12;Waypoint;1;13,0;0,1367043;35,34465;32,1033;0;424,8476;(-45.42, -0.44, 146.13);5,205953;False;False;1;0,1518716;0,00;0,00;0,00;1;1;1;1;0;0,3;0,0;0,0;151,3;1694,0;86;3,30;0,00;True;False;4;Left;
LH22;12;Waypoint;1;13,1;0,2185892;35,12606;31,8747;0;424,6289;(-45.48, -0.44, 146.31);7,091325;False;False;1;0,150621;0,00;0,00;0,00;1;1;1;1;0;0,4;0,0;0,0;151,3;1694,0;86;3,30;0,00;True;False;4;Left;
LH22;12;Waypoint;1;13,2;0,2804985;34,84556;31,41751;0;424,3485;(-45.55, -0.44, 146.55);8,958527;False;False;1;0,149237;0,00;0,00;0,00;1;1;1;1;0;0,5;0,0;0,0;151,3;1694,0;86;3,30;0,00;True;False;4;Left;
LH22;12;Waypoint;1;13,3;0,3425132;34,50305;31,18891;0;424,006;(-45.64, -0.44, 146.83);10,27522;False;False;1;0,1473869;0,00;0,00;0,00;1;1;1;1;0;0,6;0,0;0,0;151,3;1694,0;86;3,30;0,00;True;False;4;Left;
LH22;12;Waypoint;1;13,4;0,3420719;34,16098;30,50312;0;423,664;(-45.73, -0.44, 147.12);12,35973;False;False;1;0,1455859;0,00;0,00;0,00;1;1;1;1;0;0,7;0,0;0,0;151,3;1694,0;86;3,30;0,00;True;False;4;Left;
LH22;12;Waypoint;1;13,5;0,4546115;33,70637;30,04593;0;423,2094;(-45.85, -0.44, 147.50);14,16088;False;False;1;0,1430837;0,00;0,00;0,00;1;1;1;1;0;0,8;0,0;0,0;151,3;1694,0;86;3,30;0,00;True;False;4;Left;
LH22;12;Waypoint;1;13,6;0,5144001;56,27488;52,60493;23,08313;422,6951;(-45.99, -0.44, 147.93);15,43118;False;False;1;0,1401728;0,00;0,00;0,00;2;2;2;2;0;0,1;0,0;0,0;151,3;1694,0;86;3,30;0,00;True;False;4;Left;
LH22;12;Waypoint;1;13,7;0,5729977;55,7019;51,98597;23,08313;422,1222;(-46.14, -0.44, 148.40);17,19732;False;False;1;0,1368123;0,00;0,00;0,00;2;2;2;2;0;0,2;0,0;0,0;151,3;1694,0;86;3,30;0,00;True;False;4;Left;
LH22;12;Waypoint;1;13,8;0,5374985;55,1644;51,30021;23,08313;421,5847;(-46.28, -0.44, 148.85);19,18703;False;False;1;0,1334668;0,00;0,00;0,00;2;2;2;2;0;0,3;0,0;0,0;151,3;1694,0;86;3,30;0,00;True;False;4;Left;
LH22;12;Waypoint;1;13,9;0,6807274;54,48368;50,61445;23,08313;420,9041;(-46.45, -0.44, 149.42);20,65734;False;False;1;0,1293963;0,00;0,00;0,00;2;2;2;2;0;0,4;0,0;0,0;151,3;1694,0;86;3,30;0,00;True;False;4;Left;
LH22;12;Waypoint;1;14,0;0,736741;53,74695;49,92869;23,08313;420,1673;(-46.65, -0.44, 150.04);22,11787;False;False;1;0,1247485;0,00;0,00;0,00;2;2;2;2;0;0,5;0,0;0,0;151,3;1694,0;86;3,30;0,00;True;False;4;Left;
LH22;12;Waypoint;1;14,1;0,6762246;53,07074;49,01435;23,08313;419,4912;(-46.82, -0.44, 150.60);24,03512;False;False;1;0,1204203;0,00;0,00;0,00;2;2;2;2;0;0,6;0,0;0,0;151,3;1694,0;86;3,30;0,00;True;False;4;Left;
LH22;12;Waypoint;1;14,2;0,8408296;71,88736;67,91219;42,74063;418,6506;(-47.04, -0.44, 151.30);25,45254;False;False;1;0,1152365;0,00;0,00;0,00;3;3;3;3;0;0,0;0,0;0,0;151,3;1694,0;86;3,30;0,00;True;False;4;Left;
LH22;12;Waypoint;1;14,3;0,8950377;70,99233;66,99793;42,74063;417,7556;(-47.28, -0.44, 152.05);27,09091;False;False;1;0,1094431;0,00;0,00;0,00;3;3;3;3;0;0,1;0,0;0,0;151,3;1694,0;86;3,30;0,00;True;False;4;Left;
LH22;12;Waypoint;1;14,4;0,8102736;70,18208;65,83176;42,74063;416,9454;(-47.49, -0.44, 152.73);28,71167;False;False;1;0,1044726;0,00;0,00;0,00;3;3;3;3;0;0,3;0,0;0,0;151,3;1694,0;86;3,30;0,00;True;False;4;Left;
LH22;12;Waypoint;1;14,5;0,9953642;69,18674;64,91755;42,74063;415,9502;(-47.75, -0.44, 153.56);30,08548;False;False;1;0,09758077;0,00;0,00;0,00;3;3;3;3;0;0,3;0,0;0,0;151,3;1694,0;86;3,30;0,00;True;False;4;Left;
LH22;12;Waypoint;1;14,6;1,048108;68,13864;63,77477;42,74063;414,9023;(-48.02, -0.44, 154.43);31,66819;False;False;1;0,0921315;0,00;0,00;0,00;3;3;3;3;0;0,4;0,0;0,0;151,3;1694,0;86;3,30;0,00;True;False;4;Left;
LH22;12;Waypoint;1;14,7;1,099907;67,03876;62,86055;42,74063;413,8025;(-48.31, -0.44, 155.35);33,01059;False;False;1;0,08389372;0,00;0,00;0,00;3;3;3;3;0;0,6;0,0;0,0;151,3;1694,0;86;3,30;0,00;True;False;4;Left;
LH22;12;Waypoint;1;14,8;0,8169368;66,22184;61,71777;42,74063;412,9855;(-48.52, -0.44, 156.04);34,54261;False;False;1;0,08016026;0,00;0,00;0,00;3;3;3;3;0;0,6;0,0;0,0;151,3;1694,0;86;3,30;0,00;True;False;4;Left;
LH22;12;Waypoint;1;14,9;1,188249;81,49036;76,91994;59,1974;411,7974;(-48.83, -0.44, 157.03);36,06081;False;False;1;0,07188126;0,00;0,00;0,00;4;4;4;4;0;0,1;0,0;0,0;151,3;1694,0;86;3,30;0,00;True;False;4;Left;
LH22;12;Waypoint;1;15,0;1,237817;80,25257;75,40254;59,1974;410,5598;(-49.16, -0.44, 158.06);37,5664;False;False;1;0,06399105;0,00;0,00;0,00;4;4;4;4;0;0,2;0,0;0,0;151,3;1694,0;86;3,30;0,00;True;False;4;Left;
LH22;12;Waypoint;1;15,1;1,100721;79,15187;74,25941;59,1974;409,4592;(-49.44, -0.44, 158.98);38,84327;False;False;1;0,05740836;0,00;0,00;0,00;4;4;4;4;0;0,3;0,0;0,0;151,3;1694,0;86;3,30;0,00;True;False;4;Left;
LH22;12;Waypoint;1;15,2;1,330079;77,82183;72,88767;59,1974;408,1292;(-49.79, -0.44, 160.09);40,31124;False;False;1;0,05008134;0,00;0,00;0,00;4;4;4;4;0;0,4;0,0;0,0;151,3;1694,0;86;3,30;0,00;True;False;4;Left;
LH22;12;Waypoint;1;15,3;1,377908;76,44396;71,51591;59,1974;406,7516;(-50.15, -0.44, 161.24);41,75918;False;False;1;0,04195788;0,00;0,00;0,00;4;4;4;4;0;0,5;0,0;0,0;151,3;1694,0;86;3,30;0,00;True;False;4;Left;
LH22;12;Waypoint;1;15,4;1,426269;75,01774;70,14416;59,1974;405,3255;(-50.52, -0.44, 162.43);42,98385;False;False;1;0,03576556;0,00;0,00;0,00;4;4;4;4;0;0,6;0,0;0,0;151,3;1694,0;86;3,30;0,00;True;False;4;Left;
LH22;12;Waypoint;1;15,5;1,2599;73,75787;68,7724;59,1974;404,0657;(-50.85, -0.44, 163.48);44,39524;False;False;1;0,03104199;0,00;0,00;0,00;4;4;4;4;0;0,7;0,0;0,0;151,3;1694,0;86;3,30;0,00;True;False;4;Left;
LH22;12;Waypoint;1;15,6;1,512664;72,24525;67,17201;59,1974;402,5533;(-51.25, -0.44, 164.75);45,78352;False;False;1;0,02679625;0,00;0,00;0,00;4;4;4;4;0;0,8;0,0;0,0;151,3;1694,0;86;3,30;0,00;True;False;4;Left;
LH22;12;Waypoint;1;15,7;1,559016;70,68629;65,80025;59,1974;400,9944;(-51.66, -0.44, 166.05);46,95752;False;False;1;0,0285612;0,00;0,00;0,00;4;4;4;4;0;0,9;0,0;0,0;151,3;1694,0;86;3,30;0,00;True;False;4;Left;
LH22;12;Waypoint;1;15,8;1,37204;69,31429;63,97124;59,1974;399,6226;(-52.01, -0.44, 167.20);48,3159;True;False;1;0,03209071;0,00;0,00;0,00;4;4;4;4;0;1,0;0,0;0,0;151,3;1694,0;86;3,30;0,00;True;False;4;Left;
LH22;12;Waypoint;1;15,9;1,641637;67,67271;62,37087;59,1974;397,9811;(-52.44, -0.44, 168.57);49,63888;True;False;1;0,03820514;0,00;0,00;0,00;4;4;4;4;0;1,1;0,0;0,0;151,3;1694,0;86;3,30;0,00;True;False;4;Left;
LH22;12;Waypoint;1;16,0;1,686602;65,98617;60,77042;59,1974;396,2947;(-52.88, -0.44, 169.98);50,76822;True;False;1;0,04775055;0,00;0,00;0,00;4;4;4;4;0;1,2;0,0;0,0;151,3;1694,0;86;3,30;0,00;True;False;4;Left;
LH22;12;Waypoint;1;16,1;1,728851;78,88583;73,25439;73,25439;394,566;(-53.34, -0.44, 171.42);51,88015;True;False;1;0,05747833;0,00;0,00;0,00;5;5;5;5;0;0,1;0,0;0,0;151,3;1694,0;86;3,30;0,00;True;False;4;Left;
LH22;12;Waypoint;1;16,2;1,51648;77,36941;71,54009;71,54009;393,0498;(-53.73, -0.44, 172.69);53,34262;True;False;1;0,06699239;0,00;0,00;0,00;5;5;5;5;0;0,2;0,0;0,0;151,3;1694,0;86;3,30;0,00;True;False;4;Left;
LH22;12;Waypoint;1;16,3;1,808384;75,5611;69,8258;69,8258;391,2416;(-54.21, -0.44, 174.20);54,42645;True;False;1;0,07915752;0,00;0,00;0,00;5;5;5;5;0;0,3;0,0;0,0;151,3;1694,0;86;3,30;0,00;True;False;4;Left;
LH22;12;Waypoint;1;16,4;1,849156;73,71203;68,1115;68,1115;389,3927;(-54.69, -0.44, 175.74);55,66701;True;False;1;0,09102523;0,00;0,00;0,00;5;5;5;5;0;0,4;0,0;0,0;151,3;1694,0;86;3,30;0,00;True;False;4;Left;
LH22;12;Waypoint;1;16,5;1,617767;72,09434;66,39721;66,39721;387,7751;(-55.11, -0.44, 177.09);56,87337;True;False;1;0,1020305;0,00;0,00;0,00;5;5;5;5;0;0,5;0,0;0,0;151,3;1694,0;86;3,30;0,00;True;False;4;Left;
LH22;12;Waypoint;1;16,6;1,924628;70,1698;64,68291;64,68291;385,8507;(-55.61, -0.44, 178.70);57,8985;True;False;1;0,1157625;0,00;0,00;0,00;5;5;5;5;0;0,6;0,0;0,0;151,3;1694,0;86;3,30;0,00;True;False;4;Left;
LH22;12;Waypoint;1;16,7;1,963768;68,20613;62,39718;62,39718;383,8871;(-56.13, -0.44, 180.34);59,09476;True;False;1;0,2941095;0,00;0,00;0,00;5;5;5;5;0;0,7;0,0;0,0;151,3;1694,0;86;3,30;0,00;True;False;4;Left;
LH22;12;Waypoint;1;16,8;2,002662;66,20358;60,6829;60,6829;381,8847;(-56.65, -0.44, 182.01);60,08622;True;False;1;0,155068;0,00;0,00;0,00;5;5;5;5;0;0,8;0,0;0,0;151,3;1694,0;86;3,30;0,00;True;False;4;Left;
LH22;12;Waypoint;1;16,9;1,74639;64,45729;58,96859;58,96859;380,1385;(-57.11, -0.44, 183.47);61,1946;True;False;1;0,1689407;0,00;0,00;0,00;5;5;5;5;0;0,9;0,0;0,0;152,9;1694,0;86;3,30;0,00;True;False;4;Left;
LH22;12;Waypoint;1;17,0;2,071805;62,38561;56,68285;56,68285;378,067;(-57.65, -0.44, 185.20);62,3092;True;False;1;0,1849113;0,00;0,00;0,00;5;5;5;5;0;1,0;0,0;0,0;159,7;1695,6;86;3,30;0,00;True;False;4;Left;
LH22;12;Waypoint;1;17,1;2,108823;60,27692;54,96854;54,96854;375,9583;(-58.20, -0.44, 186.96);63,26884;True;False;1;0,2016097;0,00;0,00;0,00;5;5;5;5;0;1,1;0,0;0,0;166,4;1702,4;86;3,30;0,00;True;False;4;Left;
LH22;12;Waypoint;1;17,2;1,528019;58,74901;52,68277;52,68277;374,4305;(-58.60, -0.44, 188.24);64,32735;True;False;1;0,2134893;0,00;0,00;0,00;5;5;5;5;0;1,2;0,0;0,0;177,3;1709,1;86;3,30;0,00;True;False;4;Left;
LH22;12;Waypoint;1;17,3;2,169893;56,57928;50,39697;50,39697;372,2609;(-59.17, -0.44, 190.05);65,41344;True;False;1;0,2307838;0,00;0,00;0,00;5;5;5;5;0;1,3;0,0;0,0;208,5;1720,0;86;3,30;0,00;True;False;4;Left;
LH22;12;Waypoint;1;17,4;2,204805;54,37464;48,11113;48,11113;370,0564;(-59.74, -0.44, 191.89);66,43042;True;False;1;0,247421;0,00;0,00;0,00;5;5;5;5;0;1,4;0,0;0,0;227,1;1751,2;86;3,30;0,00;True;False;4;Left;
LH22;12;Waypoint;1;17,5;1,916943;52,45776;46,39673;46,39673;368,1396;(-60.23, -0.44, 193.49);67,2962;True;False;1;0,2533793;0,00;0,00;0,00;5;5;5;5;0;1,5;0,0;0,0;233,3;1769,8;86;3,30;0,00;True;False;4;Left;
LH22;12;Waypoint;1;17,6;2,267896;50,18992;44,11085;44,11085;365,8718;(-60.82, -0.44, 195.39);68,33322;True;False;1;0,2571422;0,00;0,00;0,00;5;5;5;5;0;1,6;0,0;0,0;239,7;1776,0;86;3,30;0,00;True;False;4;Left;
LH22;12;Waypoint;1;17,7;2,30107;47,8889;41,82494;41,82494;363,5708;(-61.40, -0.44, 197.31);69,33862;True;False;1;0,2592656;0,00;0,00;0,00;5;5;5;5;0;1,7;0,0;0,0;243,8;1782,4;86;3,30;0,00;True;False;4;Left;
LH22;12;Waypoint;1;17,8;2,317265;45,57169;40,11049;40,11049;361,2536;(-62.00, -0.44, 199.25);70,0462;True;False;1;0,2617084;0,00;0,00;0,00;5;5;5;5;0;1,8;0,0;0,0;245,7;1786,5;86;3,30;0,00;True;False;4;Left;
LH22;12;Waypoint;1;17,9;1,895592;43,67615;37,82458;37,82458;359,3581;(-62.48, -0.44, 200.84);66,02184;True;False;1;0,263846;0,00;0,00;0,00;5;5;5;5;0;1,9;0,0;0,0;246,5;1788,4;86;3,30;0,00;True;False;4;Left;
LH22;12;Waypoint;1;18,0;2,220962;41,45526;35,53868;35,53868;357,1372;(-63.05, -0.44, 202.70);67,07404;True;False;1;0,2664178;0,00;0,00;0,00;5;5;5;5;0;2,0;0,0;0,0;246,5;1789,2;86;3,30;0,00;True;False;4;Left;
LH22;12;Waypoint;1;18,1;2,055334;39,4;34,16983;34,16983;355,0819;(-63.57, -0.44, 204.42);61,65202;True;False;1;0,2689451;0,00;0,00;0,00;5;5;5;5;0;2,1;0,0;0,0;246,5;1789,2;86;3,30;0,00;True;False;4;Left;
LH22;12;Waypoint;1;18,2;1,59091;37,80915;31,88399;31,88399;353,4911;(-63.98, -0.44, 205.75);54,45428;True;False;1;0,270964;0,00;0,00;0,00;5;5;5;5;0;2,2;0,0;0,0;246,5;1789,2;86;3,30;0,00;True;False;4;Left;
LH22;12;Waypoint;1;18,3;1,673383;36,13578;30,74107;30,74107;351,8178;(-64.40, -0.44, 207.15);48,57078;True;False;1;0,264565;0,00;0,00;0,00;5;5;5;5;0;2,3;0,0;0,0;246,5;1789,2;86;3,30;0,00;True;False;4;Left;
LH22;12;Waypoint;1;18,4;1,484518;34,65126;29,59816;29,59816;350,3332;(-64.77, -0.44, 208.40);43,70449;True;False;1;0,2541968;0,00;0,00;0,00;5;5;5;5;0;2,4;0,0;0,0;246,5;1789,2;86;3,30;0,00;True;False;4;Left;
LH22;12;Waypoint;1;18,5;1,302915;33,34835;28,45525;28,45525;349,0303;(-65.09, -0.44, 209.49);39,08961;True;False;1;0,2446541;0,00;0,00;0,00;5;5;5;5;0;2,5;0,0;0,0;246,5;1789,2;86;3,30;0,00;True;False;4;Left;
LH22;12;Waypoint;1;18,6;0,9764991;32,37185;27,88379;27,88379;348,0539;(-65.34, -0.44, 210.31);33,04452;True;False;1;0,2376337;0,00;0,00;0,00;5;5;5;5;0;2,6;0,0;0,0;246,5;1789,2;86;3,30;0,00;True;False;4;Left;
LH22;12;Waypoint;1;18,7;1,047949;31,3239;26,74088;26,74088;347,0059;(-65.60, -0.44, 211.19);30,80772;True;False;1;0,2309668;0,00;0,00;0,00;5;5;5;5;0;2,7;0,0;0,0;246,5;1789,2;86;3,30;0,00;True;False;4;Left;
LH22;12;Waypoint;1;18,8;0,917308;30,4066;26,16944;26,16944;346,0885;(-65.83, -0.44, 211.96);27,53132;True;False;1;0,2250876;0,00;0,00;0,00;5;5;5;5;0;2,8;0,0;0,0;246,5;1789,2;86;3,30;0,00;True;False;4;Left;
LH22;12;Waypoint;1;18,9;0,7358843;50,69843;46,05434;46,05434;345,3526;(-66.01, -0.44, 212.58);25,93306;True;False;1;0,2207551;0,00;0,00;0,00;6;6;6;6;0;0,1;0,0;0,0;246,5;1789,2;86;3,30;0,00;True;False;4;Left;
LH22;12;Waypoint;1;19,0;0,9002761;49,79815;45,48289;45,48289;344,4523;(-66.23, -0.44, 213.33);27,24155;True;False;1;0,2153687;0,00;0,00;0,00;6;6;6;6;0;0,2;0,0;0,0;246,5;1789,2;86;3,30;0,00;True;False;4;Left;
LH22;12;Waypoint;1;19,1;0,952116;48,84604;44,33999;44,33999;343,5002;(-66.47, -0.44, 214.13);28,76048;True;False;1;0,209969;0,00;0,00;0,00;6;6;6;6;0;0,3;0,0;0,0;246,5;1789,2;86;3,30;0,00;True;False;4;Left;
LH22;12;Waypoint;1;19,2;0,855491;47,99056;43,1971;43,1971;342,6447;(-66.69, -0.44, 214.85);30,26147;True;False;1;0,2052019;0,00;0,00;0,00;6;6;6;6;0;0,4;0,0;0,0;246,5;1789,2;86;3,30;0,00;True;False;4;Left;
LH22;12;Waypoint;1;19,3;0,8920177;47,09855;42,62565;42,62565;341,7527;(-66.91, -0.44, 215.59);31,53549;True;False;1;0,2001285;0,00;0,00;0,00;6;6;6;6;0;0,5;0,0;0,0;246,5;1789,2;86;3,30;0,00;True;False;4;Left;
LH22;12;Waypoint;1;19,4;1,086556;46,012;41,48279;41,48279;340,6662;(-67.18, -0.44, 216.51);33,0221;True;False;1;0,1942397;0,00;0,00;0,00;6;6;6;6;0;0,6;0,0;0,0;246,5;1789,2;86;3,30;0,00;True;False;4;Left;
LH22;12;Waypoint;1;19,5;1,135304;44,8767;40,33996;40,33996;339,5309;(-67.46, -0.44, 217.46);34,27036;True;False;1;0,1872527;0,00;0,00;0,00;6;6;6;6;0;0,7;0,0;0,0;246,5;1789,2;86;3,30;0,00;True;False;4;Left;
LH22;12;Waypoint;1;19,6;1,011639;66,56548;61,89951;61,89951;338,5193;(-67.72, -0.44, 218.31);35,72305;True;False;1;0,1815591;0,00;0,00;0,00;7;7;7;7;0;0,0;0,0;0,0;246,5;1789,2;86;3,30;0,00;True;False;4;Left;
LH22;12;Waypoint;1;19,7;1,22536;65,34016;60,52944;60,52944;337,2939;(-68.02, -0.44, 219.33);37,16265;True;False;1;0,1749293;0,00;0,00;0,00;7;7;7;7;0;0,1;0,0;0,0;246,5;1789,2;86;3,30;0,00;True;False;4;Left;
LH22;12;Waypoint;1;19,8;1,27241;64,06782;59,38665;59,38665;336,0215;(-68.34, -0.44, 220.40);38,59102;True;False;1;0,1678479;0,00;0,00;0,00;7;7;7;7;0;0,2;0,0;0,0;246,5;1789,2;86;3,30;0,00;True;False;4;Left;
LH22;12;Waypoint;1;19,9;1,128562;62,9393;57,67243;57,67243;334,893;(-68.62, -0.44, 221.35);39,80268;True;False;1;0,1616232;0,00;0,00;0,00;7;7;7;7;0;0,3;0,0;0,0;246,5;1789,2;86;3,30;0,00;True;False;4;Left;
LH22;12;Waypoint;1;20,0;1,360355;61,57901;56,52962;56,52962;333,5327;(-68.96, -0.44, 222.49);41,20564;True;False;1;0,1544195;0,00;0,00;0,00;7;7;7;7;0;0,4;0,0;0,0;246,5;1789,2;86;3,30;0,00;True;False;4;Left;
LH22;12;Waypoint;1;20,1;1,406216;60,17287;54,8154;54,8154;332,1263;(-69.31, -0.44, 223.67);42,59566;True;False;1;0,1470157;0,00;0,00;0,00;7;7;7;7;0;0,5;0,0;0,0;246,5;1789,2;86;3,30;0,00;True;False;4;Left;
LH22;12;Waypoint;1;20,2;1,242417;58,93052;53,67255;53,67255;330,884;(-69.62, -0.44, 224.71);43,77789;True;False;1;0,1405593;0,00;0,00;0,00;7;7;7;7;0;0,6;0,0;0,0;246,5;1789,2;86;3,30;0,00;True;False;4;Left;
LH22;12;Waypoint;1;20,3;1,492244;57,43835;51,95832;51,95832;329,3918;(-70.00, -0.44, 225.96);45,15025;True;False;1;0,1329537;0,00;0,00;0,00;7;7;7;7;0;0,7;0,0;0,0;246,5;1789,2;86;3,30;0,00;True;False;4;Left;
LH22;12;Waypoint;1;20,4;1,537068;55,90137;50,81545;50,81545;327,8547;(-70.38, -0.44, 227.25);46,31553;True;False;1;0,1251206;0,00;0,00;0,00;7;7;7;7;0;0,8;0,0;0,0;246,5;1789,2;86;3,30;0,00;True;False;4;Left;
LH22;12;Waypoint;1;20,5;1,35336;54,5481;49,10115;49,10115;326,5013;(-70.72, -0.44, 228.38);47,65959;True;False;1;0,1184196;0,00;0,00;0,00;7;7;7;7;0;0,9;0,0;0,0;246,5;1789,2;86;3,30;0,00;True;False;4;Left;
LH22;12;Waypoint;1;20,6;1,621065;52,92714;47,38674;47,38674;324,8802;(-71.12, -0.44, 229.74);48,99122;True;False;1;0,1108307;0,00;0,00;0,00;7;7;7;7;0;1,0;0,0;0,0;246,5;1789,2;86;3,30;0,00;True;False;4;Left;
LH22;12;Waypoint;1;20,7;1,66432;51,26293;45,67236;45,67236;323,2159;(-71.54, -0.44, 231.14);50,31698;True;False;1;0,1027246;0,00;0,00;0,00;7;7;7;7;0;1,1;0,0;0,0;246,5;1789,2;86;3,30;0,00;True;False;4;Left;
LH22;12;Waypoint;1;20,8;1,46179;49,80125;44,07363;44,07363;321,7542;(-71.90, -0.44, 232.37);51,43914;True;False;1;0,09600952;0,00;0,00;0,00;7;7;7;7;0;1,2;0,0;0,0;246,5;1789,2;86;3,30;0,00;True;False;4;Left;
LH22;12;Waypoint;1;20,9;1,745825;48,05556;42,35929;42,35929;320,0084;(-72.34, -0.44, 233.83);52,74224;True;False;1;0,08872914;0,00;0,00;0,00;7;7;7;7;0;1,3;0,0;0,0;246,5;1789,2;86;3,30;0,00;True;False;4;Left;
LH22;12;Waypoint;1;21,0;1,788044;60,43479;54,81608;54,81608;318,2202;(-72.79, -0.44, 235.33);54,01191;True;False;1;0,08092938;0,00;0,00;0,00;8;8;8;8;0;0,0;0,0;0,0;246,5;1789,2;86;3,30;0,00;True;False;4;Left;
LH22;12;Waypoint;1;21,1;1,566599;58,86823;53,10167;53,10167;316,6537;(-73.18, -0.44, 236.64);55,09496;True;False;1;0,07467685;0,00;0,00;0,00;8;8;8;8;0;0,1;0,0;0,0;246,5;1789,2;86;3,30;0,00;True;False;4;Left;
LH22;12;Waypoint;1;21,2;1,866656;57,00163;51,3873;51,3873;314,7871;(-73.65, -0.44, 238.21);56,35671;True;False;1;0,06857648;0,00;0,00;0,00;8;8;8;8;0;0,3;0,0;0,0;246,5;1789,2;86;3,30;0,00;True;False;4;Left;
LH22;12;Waypoint;1;21,3;1,907532;55,09416;49,10151;49,10151;312,8795;(-74.12, -0.44, 239.81);57,57385;True;False;1;0,06203859;0,00;0,00;0,00;8;8;8;8;0;0,4;0,0;0,0;246,5;1789,2;86;3,30;0,00;True;False;4;Left;
LH22;12;Waypoint;1;21,4;1,948622;53,1456;47,38715;47,38715;310,9309;(-74.61, -0.44, 241.44);58,61486;True;False;1;0,0576745;0,00;0,00;0,00;8;8;8;8;0;0,5;0,0;0,0;246,5;1789,2;86;3,30;0,00;True;False;4;Left;
LH22;12;Waypoint;1;21,5;1,98164;51,16403;45,67283;45,67283;308,9492;(-75.10, -0.44, 243.10);59,63944;True;False;1;0,05391659;0,00;0,00;0,00;8;8;8;8;0;0,6;0,0;0,0;246,5;1789,2;86;3,30;0,00;True;False;4;Left;
LH22;12;Waypoint;1;21,6;1,596573;49,56751;43,95852;43,95852;307,3527;(-75.50, -0.44, 244.44);54,53029;True;False;1;0,05068089;0,00;0,00;0,00;8;8;8;8;0;0,7;0,0;0,0;246,5;1789,2;86;3,30;0,00;True;False;4;Left;
LH22;12;Waypoint;1;21,7;1,680436;47,88715;42,81565;42,81565;305,6723;(-75.92, -0.44, 245.85);49,65495;True;False;1;0,04877314;0,00;0,00;0,00;8;8;8;8;0;0,8;0,0;0,0;246,5;1789,2;86;3,30;0,00;True;False;4;Left;
LH22;12;Waypoint;1;21,8;1,613745;46,27347;41,32975;41,32975;304,0584;(-76.33, -0.44, 247.20);48,55241;True;False;1;0,05178982;0,00;0,00;0,00;8;8;8;8;0;0,9;0,0;0,0;246,5;1789,2;86;3,30;0,00;True;False;4;Left;
LH22;12;Waypoint;1;21,9;1,655501;44,61804;39,61557;39,61557;302,403;(-76.74, -0.44, 248.59);49,67151;True;False;1;0,05895954;0,00;0,00;0,00;8;8;8;8;0;1,0;0,0;0,0;246,5;1789,2;86;3,30;0,00;True;False;4;Left;
LH22;12;Waypoint;1;22,0;1,159723;43,45837;37,90141;37,90141;301,2433;(-77.03, -0.44, 249.57);47,64318;True;False;1;0,07247932;0,00;0,00;0,00;8;8;8;8;0;1,0;0,0;0,0;246,5;1789,2;86;3,30;0,00;True;False;4;Left;
LH22;12;Waypoint;1;22,1;1,607629;41,85083;36,18723;36,18723;299,6356;(-77.43, -0.44, 250.91);48,62283;True;False;1;0,09453434;0,00;0,00;0,00;8;8;8;8;0;1,1;0,0;0,0;246,5;1789,2;86;3,30;0,00;True;False;4;Left;
LH22;12;Waypoint;1;22,2;1,65186;40,19906;34,47313;34,47313;297,9838;(-77.84, -0.44, 252.30);49,90332;True;False;1;0,1148416;0,00;0,00;0,00;8;8;8;8;0;1,2;0,0;0,0;246,5;1789,2;86;3,30;0,00;True;False;4;Left;
LH22;12;Waypoint;1;22,3;1,385765;38,81338;33,33014;33,33014;296,598;(-78.19, -0.44, 253.46);47,51161;True;False;1;0,1338044;0,00;0,00;0,00;8;8;8;8;0;1,3;0,0;0,0;246,5;1789,2;86;3,30;0,00;True;False;4;Left;
LH22;12;Waypoint;1;22,4;1,613581;37,19991;31,61589;31,61589;294,9845;(-78.59, -0.44, 254.81);48,7588;True;False;1;0,1629258;0,00;0,00;0,00;8;8;8;8;0;1,5;0,0;0,0;246,5;1789,2;86;3,30;0,00;True;False;4;Left;
LH22;12;Waypoint;1;22,5;1,570857;35,62915;30,47308;30,47308;293,4136;(-78.98, -0.44, 256.13);45,22134;True;False;1;0,1955953;0,00;0,00;0,00;8;8;8;8;0;1,6;0,0;0,0;246,5;1789,2;86;3,30;0,00;True;False;4;Left;
LH22;12;Waypoint;1;22,6;1,374832;34,25431;29,33026;29,33026;292,0388;(-79.31, -0.44, 257.29);41,27991;True;False;1;0,2179751;0,00;0,00;0,00;8;8;8;8;0;1,7;0,0;0,0;246,5;1789,2;86;3,30;0,00;True;False;4;Left;
LH22;12;Waypoint;1;22,7;1,063982;33,19043;28,18746;28,18746;290,9752;(-79.56, -0.44, 258.19);36,63469;True;False;1;0,226505;0,00;0,00;0,00;8;8;8;8;0;1,8;0,0;0,0;246,5;1789,2;86;3,30;0,00;True;False;4;Left;
LH22;12;Waypoint;1;22,8;1,097227;32,09333;27,61605;27,61605;289,8783;(-79.81, -0.44, 259.11);31,96793;True;False;1;0,2378852;0,00;0,00;0,00;8;8;8;8;0;1,9;0,0;0,0;246,5;1789,2;86;3,30;0,00;True;False;4;Left;
LH22;12;Waypoint;1;22,9;0,9856824;31,10774;26,47318;26,47318;288,8929;(-80.03, -0.44, 259.95);28,59343;True;False;1;0,2514291;0,00;0,00;0,00;8;8;8;8;0;2,0;0,0;0,0;246,5;1789,2;86;3,30;0,00;True;False;4;Left;
LH22;12;Waypoint;1;23,0;0,8834944;30,22431;25,9017;25,9017;288,0096;(-80.24, -0.44, 260.69);26,82877;True;False;1;0,2663197;0,00;0,00;0,00;8;8;8;8;0;2,1;0,0;0,0;246,5;1789,2;86;3,30;0,00;True;False;4;Left;
LH22;12;Waypoint;1;23,1;0,676764;29,54759;25,33022;25,33022;287,3329;(-80.39, -0.44, 261.26);23,86563;True;False;1;0,2791801;0,00;0,00;0,00;8;8;8;8;0;2,2;0,0;0,0;246,5;1789,2;86;3,30;0,00;True;False;4;Left;
LH22;12;Waypoint;1;23,2;0,6983348;28,8493;24,75873;24,75873;286,6347;(-80.55, -0.44, 261.85);20,01074;True;False;1;0,2926556;0,00;0,00;0,00;8;8;8;8;0;2,3;0,0;0,0;246,5;1789,2;86;3,30;0,00;True;False;4;Left;
LH22;12;Waypoint;1;23,3;0,6490612;28,20028;24,18724;24,18724;285,9858;(-80.71, -0.44, 262.40);18,79946;True;False;1;0,3056137;0,00;0,00;0,00;8;8;8;8;0;2,4;0,0;0,0;246,5;1789,2;86;3,30;0,00;True;False;4;Left;
LH22;12;Waypoint;1;23,4;0,6356996;27,56461;23,61574;23,61574;285,3501;(-80.85, -0.44, 262.94);19,07896;True;False;1;0,3180286;0,00;0,00;0,00;8;8;8;8;0;2,5;0,0;0,0;246,5;1789,2;86;3,30;0,00;True;False;4;Left;
LH22;12;Waypoint;1;23,5;0,4577242;27,10691;23,04425;23,04425;284,8925;(-80.96, -0.44, 263.32);19,2463;True;False;1;0,3266608;0,00;0,00;0,00;8;8;8;8;0;2,5;0,0;0,0;246,5;1789,2;86;3,30;0,00;True;False;4;Left;
LH22;12;Waypoint;1;23,6;0,6455082;26,46144;22,47288;22,47288;284,2471;(-81.11, -0.44, 263.87);19,41087;True;False;1;0,3385377;0,00;0,00;0,00;8;8;8;8;0;2,6;0,0;0,0;246,5;1789,2;86;3,30;0,00;True;False;4;Left;
LH22;12;Waypoint;1;23,7;0,6515555;38,60617;34,70071;34,70071;283,5958;(-81.26, -0.44, 264.42);19,56182;True;False;1;0,3474062;0,00;0,00;0,00;9;9;9;9;0;0,0;0,0;0,0;246,5;1789,2;86;3,30;0,00;True;False;4;Left;
LH22;12;Waypoint;1;23,8;0,5871385;38,01909;33,67155;33,67155;283,0089;(-81.39, -0.44, 264.91);20,89957;True;False;1;0,3530186;0,00;0,00;0,00;9;9;9;9;0;0,1;0,0;0,0;246,5;1789,2;86;3,30;0,00;True;False;4;Left;
LH22;12;Waypoint;1;23,9;0,7345901;37,28454;33,10008;33,10008;282,2745;(-81.56, -0.44, 265.53);22,49736;True;False;1;0,3596211;0,00;0,00;0,00;9;9;9;9;0;0,2;0,0;0,0;246,5;1789,2;86;3,30;0,00;True;False;4;Left;
LH22;12;Waypoint;1;24,0;0,7880967;36,49649;31,95714;31,95714;281,4867;(-81.74, -0.44, 266.20);24,07948;True;False;1;0,3564165;0,00;0,00;0,00;9;9;9;9;0;0,3;0,0;0,0;246,5;1789,2;86;3,30;0,00;True;False;4;Left;
LH22;12;Waypoint;1;24,1;0,8399505;35,65658;31,38566;31,38566;280,6469;(-81.93, -0.44, 266.91);25,20929;True;False;1;0,3457963;0,00;0,00;0,00;9;9;9;9;0;0,4;0,0;0,0;246,5;1789,2;86;3,30;0,00;True;False;4;Left;
LH22;12;Waypoint;1;24,2;0,7616774;34,89495;30,24278;30,24278;279,8855;(-82.10, -0.44, 267.55);26,99677;True;False;1;0,3321542;0,00;0,00;0,00;9;9;9;9;0;0,5;0,0;0,0;246,5;1789,2;86;3,30;0,00;True;False;4;Left;
LH22;12;Waypoint;1;24,3;0,9368631;45,83814;41,55827;41,55827;278,9489;(-82.32, -0.44, 268.34);28,53965;True;False;1;0,3129115;0,00;0,00;0,00;10;10;10;10;0;0,1;0,0;0,0;246,5;1789,2;86;3,30;0,00;True;False;4;Left;
LH22;12;Waypoint;1;24,4;0,9876108;44,85053;40,41545;40,41545;277,9615;(-82.54, -0.44, 269.18);29,86314;True;False;1;0,2908441;0,00;0,00;0,00;10;10;10;10;0;0,1;0,0;0,0;246,5;1789,2;86;3,30;0,00;True;False;4;Left;
LH22;12;Waypoint;1;24,5;0,8874547;43,96308;39,27264;39,27264;277,0743;(-82.74, -0.44, 269.93);31,39269;True;False;1;0,270344;0,00;0,00;0,00;10;10;10;10;0;0,3;0,0;0,0;246,5;1789,2;86;3,30;0,00;True;False;4;Left;
LH22;12;Waypoint;1;24,6;1,083264;42,87981;38,12972;38,12972;275,9914;(-82.99, -0.44, 270.84);32,91339;True;False;1;0,3555618;0,00;0,00;0,00;10;10;10;10;0;0,4;0,0;0,0;246,5;1789,2;86;3,30;0,00;True;False;4;Left;
LH22;12;Waypoint;1;24,7;1,132709;55,9136;51,15691;51,15691;274,8591;(-83.25, -0.44, 271.80);34,20539;True;False;1;0,2640349;0,00;0,00;0,00;11;11;11;11;0;0,0;0,0;0,0;246,5;1789,2;86;3,30;0,00;True;False;4;Left;
LH22;12;Waypoint;1;24,8;1,184031;54,7296;50,01395;50,01395;273,6753;(-83.52, -0.44, 272.80);35,50704;True;False;1;0,1675115;0,00;0,00;0,00;11;11;11;11;0;0,1;0,0;0,0;246,5;1789,2;86;3,30;0,00;True;False;4;Left;
LH22;12;Waypoint;1;24,9;1,054651;53,67496;48,87115;48,87115;272,6209;(-83.76, -0.44, 273.69);37,23594;True;False;1;0,1244012;0,00;0,00;0,00;11;11;11;11;0;0,2;0,0;0,0;246,5;1789,2;86;3,30;0,00;True;False;4;Left;
LH22;12;Waypoint;1;25,0;1,276387;52,39861;47,72842;47,72842;271,345;(-84.05, -0.44, 274.77);38,51215;True;False;1;0,07023624;0,00;0,00;0,00;11;11;11;11;0;0,3;0,0;0,0;246,5;1789,2;86;3,30;0,00;True;False;4;Left;
LH22;12;Waypoint;1;25,1;1,325355;51,07329;46,01424;46,01424;270,02;(-84.36, -0.44, 275.89);39,95462;True;False;1;0,02855176;0,00;0,00;0,00;11;11;11;11;0;0,4;0,0;0,0;246,5;1789,2;86;3,30;0,00;True;False;4;Left;
LH22;12;Waypoint;1;25,2;1,371141;49,70218;44,87145;44,87145;268,6493;(-84.67, -0.44, 277.05);41,1525;True;False;1;0,06511874;0,00;0,00;0,00;11;11;11;11;0;0,5;0,0;0,0;246,5;1789,2;86;3,30;0,00;True;False;4;Left;
LH22;12;Waypoint;1;25,3;1,211743;48,49048;43,72864;43,72864;267,4378;(-84.95, -0.44, 278.07);42,50477;True;False;1;0,1161513;0,00;0,00;0,00;11;11;11;11;0;0,6;0,0;0,0;246,5;1789,2;86;3,30;0,00;True;False;4;Left;
LH22;12;Waypoint;1;25,4;1,454149;47,03672;42,01432;42,01432;265,9837;(-85.30, -0.44, 279.29);43,80247;True;False;1;0,1571253;0,00;0,00;0,00;11;11;11;11;0;0,7;0,0;0,0;246,5;1789,2;86;3,30;0,00;True;False;4;Left;
LH22;12;Waypoint;1;25,5;1,496903;45,5412;40,87136;40,87136;264,4869;(-85.68, -0.44, 280.55);44,91007;True;False;1;0,167346;0,00;0,00;0,00;11;11;11;11;0;0,8;0,0;0,0;246,5;1789,2;86;3,30;0,00;True;False;4;Left;
LH22;12;Waypoint;1;25,6;1,095734;44,44687;39,31287;39,31287;263,3913;(-85.97, -0.44, 281.46);46,20651;True;False;1;0,1682698;0,00;0,00;0,00;11;11;11;11;0;0,9;0,0;0,0;246,5;1789,2;86;3,30;0,00;True;False;4;Left;
LH22;12;Waypoint;1;25,7;1,57121;42,87778;37,5986;37,5986;261,8203;(-86.38, -0.44, 282.77);47,51866;True;False;1;0,1669244;0,00;0,00;0,00;11;11;11;11;0;1,0;0,0;0,0;246,5;1789,2;86;3,30;0,00;True;False;4;Left;
LH22;12;Waypoint;1;25,8;1,615753;41,26424;35,88427;35,88427;260,2047;(-86.80, -0.44, 284.12);48,65069;True;False;1;0,1561535;0,00;0,00;0,00;11;11;11;11;0;1,1;0,0;0,0;249,5;1789,2;86;3,30;0,00;True;False;4;Left;
LH22;12;Waypoint;1;25,9;1,420074;39,84617;34,1699;34,1699;258,7847;(-87.17, -0.44, 285.31);49,98809;True;False;1;0,1347055;0,00;0,00;0,00;11;11;11;11;0;1,2;0,0;0,0;269,6;1792,2;86;3,30;0,00;True;False;4;Left;
LH22;12;Waypoint;1;26,0;1,604922;38,24361;33,027;33,027;257,18;(-87.59, -0.44, 286.65);46,81272;True;False;1;0,0978773;0,00;0,00;0,00;11;11;11;11;0;1,3;0,0;0,0;286,4;1812,3;86;3,30;0,00;True;False;4;Left;
LH22;12;Waypoint;1;26,1;1,590981;36,65511;31,31269;31,31269;255,5891;(-88.00, -0.44, 287.98);48,09957;True;False;1;0,05558661;0,00;0,00;0,00;11;11;11;11;0;1,4;0,0;0,0;302,5;1829,1;86;3,30;0,00;True;False;4;Left;
LH22;12;Waypoint;1;26,2;1,312159;35,34513;30,16985;30,16985;254,2771;(-88.34, -0.44, 289.08);44,31601;True;False;1;0,02586546;0,00;0,00;0,00;11;11;11;11;0;1,5;0,0;0,0;313,1;1845,2;86;3,30;0,00;True;False;4;Left;
LH22;12;Waypoint;1;26,3;1,343726;34,00376;29,02706;29,02706;252,9335;(-88.68, -0.44, 290.20);38,89678;True;False;1;0,04798118;0,00;0,00;0,00;11;11;11;11;0;1,6;0,0;0,0;319,5;1855,8;86;3,30;0,00;True;False;4;Left;
LH22;12;Waypoint;1;26,4;1,22545;32,7797;27,88411;27,88411;251,708;(-88.99, -0.44, 291.23);35,50504;True;False;1;0,07535665;0,00;0,00;0,00;11;11;11;11;0;1,7;0,0;0,0;324,7;1862,2;86;3,30;0,00;True;False;4;Left;
LH22;12;Waypoint;1;26,5;1,072097;31,70804;27,31266;27,31266;250,6361;(-89.23, -0.44, 292.13);31,73362;True;False;1;0,08076776;0,00;0,00;0,00;11;11;11;11;0;1,8;0,0;0,0;324,7;1867,4;86;3,30;0,00;True;False;4;Left;
LH22;12;Waypoint;1;26,6;0,820628;30,88748;26,28377;26,28377;249,8161;(-89.41, -0.44, 292.83);27,53403;True;False;1;0,07570339;0,00;0,00;0,00;11;11;11;11;0;1,9;0,0;0,0;324,7;1867,4;86;3,30;0,00;True;False;4;Left;
LH22;12;Waypoint;1;26,7;0,8519331;30,03565;25,71235;25,71235;248,9648;(-89.59, -0.44, 293.55);24,06431;True;False;1;0,07551958;0,00;0,00;0,00;11;11;11;11;0;2,0;0,0;0,0;324,7;1867,4;86;3,30;0,00;True;False;4;Left;
LH22;12;Waypoint;1;26,8;0,75959;29,27622;25,14095;25,14095;248,2057;(-89.76, -0.44, 294.19);22,72513;True;False;1;0,08260007;0,00;0,00;0,00;11;11;11;11;0;2,1;0,0;0,0;324,7;1867,4;86;3,30;0,00;True;False;4;Left;
LH22;12;Waypoint;1;26,9;0,599659;28,67674;24,56955;24,56955;247,6062;(-89.89, -0.44, 294.70);20,42878;True;False;1;0,0924878;0,00;0,00;0,00;11;11;11;11;0;2,2;0,0;0,0;324,7;1867,4;86;3,30;0,00;True;False;4;Left;
LH22;12;Waypoint;1;27,0;0,6399063;28,03708;23,99815;23,99815;246,9665;(-90.04, -0.44, 295.24);19,46951;True;False;1;0,1059118;0,00;0,00;0,00;11;11;11;11;0;2,3;0,0;0,0;324,7;1867,4;86;3,30;0,00;True;False;4;Left;
LH22;12;Waypoint;1;27,1;0,6528115;27,38449;23,42669;23,42669;246,314;(-90.19, -0.44, 295.80);19,60643;True;False;1;0,1187082;0,00;0,00;0,00;11;11;11;11;0;2,4;0,0;0,0;324,7;1867,4;86;3,30;0,00;True;False;4;Left;
LH22;12;Waypoint;1;27,2;0,6578732;26,72669;22,85532;22,85532;245,6566;(-90.33, -0.44, 296.35);19,73273;True;False;1;0,1238017;0,00;0,00;0,00;11;11;11;11;0;2,5;0,0;0,0;324,7;1867,4;86;3,30;0,00;True;False;4;Left;
LH22;12;Waypoint;1;27,3;0,5690079;57,23719;53,36666;53,36666;245,088;(-90.45, -0.44, 296.84);19,91612;True;False;1;0,1298478;0,00;0,00;0,00;12;12;12;12;0;0,0;0,0;0,0;324,7;1867,4;86;3,30;0,00;True;False;4;Left;
LH22;12;Waypoint;1;27,4;0,7007079;56,53651;52,22381;52,22381;244,3878;(-90.60, -0.44, 297.43);21,23705;True;False;1;0,1395549;0,00;0,00;0,00;12;12;12;12;0;0,1;0,0;0,0;324,7;1867,4;86;3,30;0,00;True;False;4;Left;
LH22;12;Waypoint;1;27,5;0,7525306;55,78399;51,65236;51,65236;243,6359;(-90.76, -0.44, 298.07);22,59028;True;False;1;0,147788;0,00;0,00;0,00;12;12;12;12;0;0,2;0,0;0,0;324,7;1867,4;86;3,30;0,00;True;False;4;Left;
LH22;12;Waypoint;1;27,6;0,6865471;55,09744;51,08091;51,08091;242,9499;(-90.91, -0.44, 298.65);24,36721;True;False;1;0,1540373;0,00;0,00;0,00;12;12;12;12;0;0,3;0,0;0,0;324,7;1867,4;86;3,30;0,00;True;False;4;Left;
LH22;12;Waypoint;1;27,7;0,8488818;54,24857;49,93802;49,93802;242,1021;(-91.09, -0.44, 299.37);25,67663;True;False;1;0,1559028;0,00;0,00;0,00;12;12;12;12;0;0,4;0,0;0,0;324,7;1867,4;86;3,30;0,00;True;False;4;Left;
LH22;12;Waypoint;1;27,8;0,7681162;53,48047;48,79522;48,79522;241,3351;(-91.24, -0.44, 300.03);27,20823;True;False;1;0,1574267;0,00;0,00;0,00;12;12;12;12;0;0,5;0,0;0,0;324,7;1867,4;86;3,30;0,00;True;False;4;Left;
LH22;12;Waypoint;1;27,9;0,9430418;52,53744;48,22381;48,22381;240,3931;(-91.44, -0.44, 300.83);28,51506;True;False;1;0,160946;0,00;0,00;0,00;12;12;12;12;0;0,6;0,0;0,0;324,7;1867,4;86;3,30;0,00;True;False;4;Left;
LH22;12;Waypoint;1;28,0;0,8484278;51,68901;47,08088;47,08088;239,5457;(-91.61, -0.44, 301.55);30,02351;True;False;1;0,1654071;0,00;0,00;0,00;12;12;12;12;0;0,7;0,0;0,0;324,7;1867,4;86;3,30;0,00;True;False;4;Left;
LH22;12;Waypoint;1;28,1;1,036064;69,38081;65,02682;65,02682;238,5107;(-91.83, -0.44, 302.43);31,50494;True;False;1;0,1716623;0,00;0,00;0,00;13;13;13;13;0;0,1;0,0;0,0;324,7;1867,4;86;3,30;0,00;True;False;4;Left;
LH22;12;Waypoint;1;28,2;1,084854;68,29607;63,88392;63,88392;237,427;(-92.06, -0.44, 303.35);32,97031;True;False;1;0,1776997;0,00;0,00;0,00;13;13;13;13;0;0,2;0,0;0,0;324,7;1867,4;86;3,30;0,00;True;False;4;Left;
LH22;12;Waypoint;1;28,3;1,133373;67,16283;62,74113;62,74113;236,2949;(-92.29, -0.44, 304.31);34,00305;True;False;1;0,1842982;0,00;0,00;0,00;13;13;13;13;0;0,3;0,0;0,0;324,7;1867,4;86;3,30;0,00;True;False;4;Left;
LH22;12;Waypoint;1;28,4;1,009533;66,1534;61,59835;61,59835;235,2863;(-92.51, -0.44, 305.17);35,63552;True;False;1;0,1905027;0,00;0,00;0,00;13;13;13;13;0;0,4;0,0;0,0;324,7;1867,4;86;3,30;0,00;True;False;4;Left;
LH22;12;Waypoint;1;28,5;1,220907;64,93265;59,884;59,884;234,0668;(-92.76, -0.44, 306.21);37,03614;True;False;1;0,1978746;0,00;0,00;0,00;13;13;13;13;0;0,5;0,0;0,0;324,7;1867,4;86;3,30;0,00;True;False;4;Left;
LH22;12;Waypoint;1;28,6;1,267628;63,66526;58,74107;58,74107;232,8008;(-93.02, -0.44, 307.29);38,02015;True;False;1;0,2005241;0,00;0,00;0,00;13;13;13;13;0;0,6;0,0;0,0;324,7;1867,4;86;3,30;0,00;True;False;4;Left;
LH22;12;Waypoint;1;28,7;1,122554;62,54299;57,59811;57,59811;231,6797;(-93.25, -0.44, 308.24);39,58687;True;False;1;0,2004557;0,00;0,00;0,00;13;13;13;13;0;0,7;0,0;0,0;324,7;1867,4;86;3,30;0,00;True;False;4;Left;
LH22;12;Waypoint;1;28,8;1,351581;79,01019;73,71288;73,71288;230,33;(-93.53, -0.44, 309.39);40,94327;True;False;1;0,1997158;0,00;0,00;0,00;14;14;14;14;0;0,0;0,0;0,0;324,7;1867,4;86;3,30;0,00;True;False;4;Left;
LH22;12;Waypoint;1;28,9;1,397173;77,61372;72,57007;72,57007;228,9347;(-93.81, -0.44, 310.58);42,09567;True;False;1;0,1987986;0,00;0,00;0,00;14;14;14;14;0;0,1;0,0;0,0;324,7;1867,4;86;3,30;0,00;True;False;4;Left;
LH22;12;Waypoint;1;29,0;1,23267;76,38167;71,42727;71,42727;227,7037;(-94.07, -0.44, 311.63);43,43095;True;False;1;0,196721;0,00;0,00;0,00;14;14;14;14;0;0,2;0,0;0,0;324,7;1867,4;86;3,30;0,00;True;False;4;Left;
LH22;12;Waypoint;1;29,1;1,478849;74,90358;69,71306;69,71306;226,2267;(-94.37, -0.44, 312.89);44,75298;True;False;1;0,1916695;0,00;0,00;0,00;14;14;14;14;0;0,3;0,0;0,0;324,7;1867,4;86;3,30;0,00;True;False;4;Left;
LH22;12;Waypoint;1;29,2;1,523377;73,38102;68,11242;68,11242;224,7054;(-94.68, -0.44, 314.18);45,87997;True;False;1;0,1853541;0,00;0,00;0,00;14;14;14;14;0;0,4;0,0;0,0;324,7;1867,4;86;3,30;0,00;True;False;4;Left;
LH22;12;Waypoint;1;29,3;1,340029;72,04172;66,9695;66,9695;223,367;(-94.96, -0.44, 315.32);47,18724;True;False;1;0,1803296;0,00;0,00;0,00;14;14;14;14;0;0,5;0,0;0,0;324,7;1867,4;86;3,30;0,00;True;False;4;Left;
LH22;12;Waypoint;1;29,4;1,603399;70,43923;65,25504;65,25504;221,7657;(-95.29, -0.44, 316.69);48,4803;True;False;1;0,1771503;0,00;0,00;0,00;14;14;14;14;0;0,6;0,0;0,0;324,7;1867,4;86;3,30;0,00;True;False;4;Left;
LH22;12;Waypoint;1;29,5;1,6472;68,79301;63,54056;63,54056;220,1206;(-95.63, -0.44, 318.09);49,59129;True;False;1;0,1783869;0,00;0,00;0,00;14;14;14;14;0;0,7;0,0;0,0;326,4;1867,4;86;3,30;0,00;True;False;4;Left;
LH22;12;Waypoint;1;29,6;1,622923;67,1711;62,39758;62,39758;218,4998;(-95.96, -0.44, 319.47);48,46827;True;False;1;0,1823513;0,00;0,00;0,00;14;14;14;14;0;0,8;0,0;0,0;342,0;1869,1;86;3,30;0,00;True;False;4;Left;
LH22;12;Waypoint;1;29,7;1,379516;65,79248;60,11169;60,11169;217,122;(-96.24, -0.44, 320.64);48,56505;True;False;1;0,1869588;0,00;0,00;0,00;14;14;14;14;0;0,9;0,0;0,0;361,0;1884,7;86;3,30;0,00;True;False;4;Left;
LH22;12;Waypoint;1;29,8;1,650364;64,14324;58,96875;58,96875;215,4739;(-96.58, -0.44, 322.04);49,69658;True;False;1;0,1925669;0,00;0,00;0,00;14;14;14;14;0;1,0;0,0;0,0;369,1;1903,7;86;3,30;0,00;True;False;4;Left;
LH22;12;Waypoint;1;29,9;1,601012;62,54337;57,25432;57,25432;213,8749;(-96.91, -0.44, 323.41);46,93269;True;False;1;0,1963239;0,00;0,00;0,00;14;14;14;14;0;1,1;0,0;0,0;380,5;1911,8;86;3,30;0,00;True;False;4;Left;
LH22;12;Waypoint;1;30,0;1,587597;60,95698;56,11138;56,11138;212,2893;(-97.24, -0.44, 324.76);47,61201;True;False;1;0,1969958;0,00;0,00;0,00;14;14;14;14;0;1,2;0,0;0,0;390,3;1923,2;86;3,30;0,00;True;False;4;Left;
LH22;12;Waypoint;1;30,1;1,160946;59,79695;54,39692;54,39692;211,1299;(-97.48, -0.44, 325.74);48,96446;True;False;1;0,1953567;0,00;0,00;0,00;14;14;14;14;0;1,3;0,0;0,0;399,4;1933,0;86;3,30;0,00;True;False;4;Left;
LH22;12;Waypoint;1;30,2;1,658791;58,13953;52,68248;52,68248;209,4732;(-97.82, -0.44, 327.15);50,31387;True;False;1;0,1909162;0,00;0,00;0,00;14;14;14;14;0;1,4;0,0;0,0;402,3;1942,1;86;3,30;0,00;True;False;4;Left;
LH22;12;Waypoint;1;30,3;1,601386;56,53955;50,96802;50,96802;207,8739;(-98.15, -0.44, 328.52);48,1385;True;False;1;0,1837153;0,00;0,00;0,00;14;14;14;14;0;1,5;0,0;0,0;402,3;1945,0;86;3,30;0,00;True;False;4;Left;
LH22;12;Waypoint;1;30,4;1,636695;54,90438;49,82504;49,82504;206,2393;(-98.48, -0.44, 329.91);49,11277;True;False;1;0,1736358;0,00;0,00;0,00;14;14;14;14;0;1,6;0,0;0,0;402,3;1945,0;86;3,30;0,00;True;False;4;Left;
LH22;12;Waypoint;1;30,5;1,406214;53,49955;48,11068;48,11068;204,835;(-98.77, -0.44, 331.11);48,40463;True;False;1;0,1631534;0,00;0,00;0,00;14;14;14;14;0;1,7;0,0;0,0;402,3;1945,0;86;3,30;0,00;True;False;4;Left;
LH22;12;Waypoint;1;30,6;1,59895;51,90226;46,51416;46,51416;203,2381;(-99.10, -0.44, 332.47);48,33774;True;False;1;0,152172;0,00;0,00;0,00;14;14;14;14;0;1,8;0,0;0,0;402,3;1945,0;86;3,30;0,00;True;False;4;Left;
LH22;12;Waypoint;1;30,7;1,642126;50,26196;44,79988;44,79988;201,5981;(-99.44, -0.44, 333.86);49,27741;True;False;1;0,132201;0,00;0,00;0,00;14;14;14;14;0;1,9;0,0;0,0;402,3;1945,0;86;3,30;0,00;True;False;4;Left;
LH22;12;Waypoint;1;30,8;1,396283;48,86732;43,65702;43,65702;200,2035;(-99.72, -0.44, 335.05);47,60852;True;False;1;0,1038359;0,00;0,00;0,00;14;14;14;14;0;2,0;0,0;0,0;402,3;1945,0;86;3,30;0,00;True;False;4;Left;
LH22;12;Waypoint;1;30,9;1,606546;47,26278;41,94274;41,94274;198,599;(-100.05, -0.44, 336.42);48,56068;True;False;1;0,06723498;0,00;0,00;0,00;14;14;14;14;0;2,1;0,0;0,0;402,3;1945,0;86;3,30;0,00;True;False;4;Left;
LH22;12;Waypoint;1;31,0;1,649452;45,61554;40,22837;40,22837;196,9518;(-100.39, -0.44, 337.82);49,65335;True;False;1;0,03520977;0,00;0,00;0,00;14;14;14;14;0;2,2;0,0;0,0;402,3;1945,0;86;3,30;0,00;True;False;4;Left;
LH22;12;Waypoint;1;31,1;1,611267;72,8048;67,88485;67,88485;195,3426;(-100.72, -0.44, 339.19);47,59223;True;False;1;0,03543719;0,00;0,00;0,00;15;15;15;15;0;0,1;0,0;0,0;402,3;1945,0;86;3,30;0,00;True;False;4;Left;
LH22;12;Waypoint;1;31,2;1,382867;71,42407;66,17049;66,17049;193,9613;(-101.01, -0.44, 340.36);48,67067;True;False;1;0,06626222;0,00;0,00;0,00;15;15;15;15;0;0,2;0,0;0,0;402,3;1945,0;86;3,30;0,00;True;False;4;Left;
LH22;12;Waypoint;1;31,3;1,651256;69,77441;64,45627;64,45627;192,311;(-101.37, -0.44, 341.76);49,72079;True;False;1;0,09389017;0,00;0,00;0,00;15;15;15;15;0;0,3;0,0;0,0;402,3;1945,0;86;3,30;0,00;True;False;4;Left;
LH22;12;Waypoint;1;31,4;1,609075;68,16663;62,74217;62,74217;190,7026;(-101.73, -0.44, 343.12);47,46965;True;False;1;0,1229174;0,00;0,00;0,00;15;15;15;15;0;0,4;0,0;0,0;402,3;1945,0;86;3,30;0,00;True;False;4;Left;
LH22;12;Waypoint;1;31,5;1,380797;66,787;61,59945;61,59945;189,3224;(-102.04, -0.44, 344.29);48,59484;True;False;1;0,1527497;0,00;0,00;0,00;15;15;15;15;0;0,5;0,0;0,0;402,3;1945,0;86;3,30;0,00;True;False;4;Left;
LH22;12;Waypoint;1;31,6;1,648547;65,13943;59,88504;59,88504;187,6743;(-102.42, -0.44, 345.68);49,64516;True;False;1;0,180554;0,00;0,00;0,00;15;15;15;15;0;0,6;0,0;0,0;402,3;1945,0;86;3,30;0,00;True;False;4;Left;
LH22;12;Waypoint;1;31,7;1,626916;63,5131;58,17074;58,17074;186,0475;(-102.81, -0.44, 347.05);48,60655;True;False;1;0,1982789;0,00;0,00;0,00;15;15;15;15;0;0,7;0,0;0,0;402,3;1945,0;86;3,30;0,00;True;False;4;Left;
LH22;12;Waypoint;1;31,8;1,382007;83,61297;77,9413;77,9413;184,6656;(-103.14, -0.44, 348.22);48,63129;True;False;1;0,21438;0,00;0,00;0,00;16;16;16;16;0;0,0;0,0;0,0;402,3;1945,0;86;3,30;0,00;True;False;4;Left;
LH22;12;Waypoint;1;31,9;1,64988;81,96383;76,79853;76,79853;183,0158;(-103.53, -0.44, 349.61);49,68094;True;False;1;0,2310316;0,00;0,00;0,00;16;16;16;16;0;0,1;0,0;0,0;402,3;1945,0;86;3,30;0,00;True;False;4;Left;
LH22;12;Waypoint;1;32,0;1,607618;80,35651;75,08436;75,08436;181,4082;(-103.93, -0.44, 350.95);47,32281;True;False;1;0,2309195;0,00;0,00;0,00;16;16;16;16;0;0,2;0,0;0,0;402,3;1945,0;86;3,30;0,00;True;False;4;Left;
LH22;12;Waypoint;1;32,1;1,379555;78,97717;73,37016;73,37016;180,0286;(-104.28, -0.44, 352.11);48,55414;True;False;1;0,2295046;0,00;0,00;0,00;16;16;16;16;0;0,4;0,0;0,0;402,3;1945,0;86;3,30;0,00;True;False;4;Left;
LH22;12;Waypoint;1;32,2;1,648472;77,32899;72,22731;72,22731;178,3802;(-104.69, -0.44, 353.49);49,62482;True;False;1;0,2308105;0,00;0,00;0,00;16;16;16;16;0;0,4;0,0;0,0;402,3;1945,0;86;3,30;0,00;True;False;4;Left;
LH22;12;Waypoint;1;32,3;1,614418;75,71489;70,2844;70,2844;176,7657;(-105.09, -0.44, 354.85);47,56161;True;False;1;0,2329892;0,00;0,00;0,00;16;16;16;16;0;0,5;0,0;0,0;402,3;1945,0;86;3,30;0,00;True;False;4;Left;
LH22;12;Waypoint;1;32,4;1,575574;74,1394;69,14146;69,14146;175,1903;(-105.50, -0.44, 356.16);47,2497;True;False;1;0,2212397;0,00;0,00;0,00;16;16;16;16;0;0,7;0,0;0,0;402,3;1945,0;86;3,30;0,00;True;False;4;Left;
LH22;12;Waypoint;1;32,5;1,150482;72,98895;67,42713;67,42713;174,0399;(-105.80, -0.44, 357.13);48,50119;True;False;1;0,2107493;0,00;0,00;0,00;16;16;16;16;0;0,7;0,0;0,0;402,3;1945,0;86;3,30;0,00;True;False;4;Left;
LH22;12;Waypoint;1;32,6;1,647031;71,34196;65,71272;65,71272;172,393;(-106.23, -0.44, 358.50);49,76289;True;False;1;0,1981103;0,00;0,00;0,00;16;16;16;16;0;0,8;0,0;0,0;402,3;1945,0;86;3,30;0,00;True;False;4;Left;
LH22;12;Waypoint;1;32,7;1,622289;69,71974;63,99848;63,99848;170,771;(-106.65, -0.44, 359.86);47,43349;True;False;1;0,1892574;0,00;0,00;0,00;16;16;16;16;0;0,9;0,0;0,0;402,3;1945,0;86;3,30;0,00;True;False;4;Left;
LH22;12;Waypoint;1;32,8;1,378447;68,34137;62,85569;62,85569;169,3925;(-107.00, -0.44, 361.01);48,51937;True;False;1;0,185954;0,00;0,00;0,00;16;16;16;16;0;1,0;0,0;0,0;402,3;1945,0;86;3,30;0,00;True;False;4;Left;
LH22;12;Waypoint;1;32,9;1,647218;89,09359;83,54226;83,54226;167,7454;(-107.43, -0.44, 362.39);49,7972;True;False;1;0,1843325;0,00;0,00;0,00;17;17;17;17;0;0,0;0,0;0,0;402,3;1945,0;86;3,30;0,00;True;False;4;Left;
LH22;12;Waypoint;1;33,0;1,627288;87,46649;81,82808;81,82808;166,1182;(-107.85, -0.44, 363.75);47,59815;True;False;1;0,1848612;0,00;0,00;0,00;17;17;17;17;0;0,1;0,0;0,0;402,3;1945,0;86;3,30;0,00;True;False;4;Left;
LH22;12;Waypoint;1;33,1;1,383205;86,08345;80,6853;80,6853;164,7352;(-108.21, -0.44, 364.90);48,68811;True;False;1;0,1862628;0,00;0,00;0,00;17;17;17;17;0;0,2;0,0;0,0;402,3;1945,0;86;3,30;0,00;True;False;4;Left;
LH22;12;Waypoint;1;33,2;1,653413;84,43025;78,97106;78,97106;163,0818;(-108.63, -0.44, 366.29);49,97245;True;False;1;0,1876173;0,00;0,00;0,00;17;17;17;17;0;0,3;0,0;0,0;402,3;1945,0;86;3,30;0,00;True;False;4;Left;
LH22;12;Waypoint;1;33,3;1,612313;82,81816;77,25689;77,25689;161,4696;(-109.05, -0.44, 367.64);47,6268;True;False;1;0,1884165;0,00;0,00;0,00;17;17;17;17;0;0,4;0,0;0,0;402,3;1945,0;86;3,30;0,00;True;False;4;Left;
LH22;12;Waypoint;1;33,4;1,618539;81,19985;76,11391;76,11391;159,8511;(-109.46, -0.44, 368.99);48,5513;True;False;1;0,1882339;0,00;0,00;0,00;17;17;17;17;0;0,5;0,0;0,0;402,3;1945,0;86;3,30;0,00;True;False;4;Left;
LH22;12;Waypoint;1;33,5;1,421217;79,77885;74,51399;74,51399;158,43;(-109.83, -0.44, 370.18);50,01591;True;False;1;0,1870638;0,00;0,00;0,00;17;17;17;17;0;0,6;0,0;0,0;402,3;1945,0;86;3,30;0,00;True;False;4;Left;
LH22;12;Waypoint;1;33,6;1,578056;78,20104;72,79987;72,79987;156,8519;(-110.23, -0.44, 371.50);46,62292;True;False;1;0,1845615;0,00;0,00;0,00;17;17;17;17;0;0,7;0,0;0,0;402,3;1945,0;86;3,30;0,00;True;False;4;Left;
LH22;12;Waypoint;1;33,7;1,585266;76,61605;71,65703;71,65703;155,2668;(-110.64, -0.44, 372.82);47,5658;True;False;1;0,1822268;0,00;0,00;0,00;17;17;17;17;0;0,8;0,0;0,0;402,3;1945,0;86;3,30;0,00;True;False;4;Left;
LH22;12;Waypoint;1;33,8;1,392869;75,22344;69,94292;69,94292;153,874;(-111.00, -0.44, 373.99);49,04603;True;False;1;0,1803886;0,00;0,00;0,00;17;17;17;17;0;0,9;0,0;0,0;402,3;1945,0;86;3,30;0,00;True;False;4;Left;
LH22;12;Waypoint;1;33,9;1,658768;73,56493;68,22884;68,22884;152,2154;(-111.42, -0.44, 375.38);50,29581;True;False;1;0,1742187;0,00;0,00;0,00;17;17;17;17;0;1,0;0,0;0,0;402,3;1945,0;86;3,30;0,00;True;False;4;Left;
LH22;12;Waypoint;1;34,0;1,594559;71,97066;66,51471;66,51471;150,6209;(-111.83, -0.44, 376.71);47,76371;True;False;1;0,170435;0,00;0,00;0,00;17;17;17;17;0;1,1;0,0;0,0;402,3;1945,0;86;3,30;0,00;True;False;4;Left;
LH22;12;Waypoint;1;34,1;1,628848;70,34213;65,37194;65,37194;148,9921;(-112.25, -0.44, 378.07);48,86648;True;False;1;0,1661598;0,00;0,00;0,00;17;17;17;17;0;1,2;0,0;0,0;402,3;1945,0;86;3,30;0,00;True;False;4;Left;
LH22;12;Waypoint;1;34,2;1,424068;68,91835;63,65779;63,65779;147,5682;(-112.62, -0.44, 379.26);50,31754;True;False;1;0,1626877;0,00;0,00;0,00;17;17;17;17;0;1,3;0,0;0,0;411,8;1945,0;86;3,30;0,00;True;False;4;Left;
LH22;12;Waypoint;1;34,3;1,572076;67,34663;61,94365;61,94365;145,9961;(-113.02, -0.44, 380.58);46,7276;True;False;1;0,1599945;0,00;0,00;0,00;17;17;17;17;0;1,4;0,0;0,0;426,7;1954,5;86;3,30;0,00;True;False;4;Left;
LH22;12;Waypoint;1;34,4;1,594476;65,75249;60,80075;60,80075;144,4017;(-113.43, -0.44, 381.91);48,02317;True;False;1;0,1554474;0,00;0,00;0,00;17;17;17;17;0;1,5;0,0;0,0;447,6;1969,4;86;3,30;0,00;True;False;4;Left;
LH22;12;Waypoint;1;34,5;1,636817;64,11606;59,08645;59,08645;142,765;(-113.85, -0.44, 383.28);49,10528;True;False;1;0,152217;0,00;0,00;0,00;17;17;17;17;0;1,6;0,0;0,0;456,1;1990,3;86;3,30;0,00;True;False;4;Left;
LH22;12;Waypoint;1;34,6;1,179749;62,9366;57,37214;57,37214;141,5854;(-114.15, -0.44, 384.27);49,36164;True;False;1;0,1502727;0,00;0,00;0,00;17;17;17;17;0;1,7;0,0;0,0;463,2;1998,8;86;3,30;0,00;True;False;4;Left;
LH22;12;Waypoint;1;34,7;1,594672;61,34231;55,65783;55,65783;139,9908;(-114.56, -0.44, 385.60);48,15096;True;False;1;0,1473019;0,00;0,00;0,00;17;17;17;17;0;1,8;0,0;0,0;465,9;2005,9;86;3,30;0,00;True;False;4;Left;
LH22;12;Waypoint;1;34,8;1,635167;59,70761;54,51504;54,51504;138,3556;(-114.98, -0.44, 386.97);49,22944;True;False;1;0,146821;0,00;0,00;0,00;17;17;17;17;0;1,9;0,0;0,0;465,9;2008,6;86;3,30;0,00;True;False;4;Left;
LH22;12;Waypoint;1;34,9;1,419791;58,28823;52,80084;52,80084;136,9359;(-115.35, -0.44, 388.16);49,47977;True;False;1;0,1473062;0,00;0,00;0,00;17;17;17;17;0;2,0;0,0;0,0;467,2;2008,6;86;3,30;0,00;True;False;4;Left;
LH22;12;Waypoint;1;35,0;1,598292;56,69042;51,54306;51,54306;135,3378;(-115.76, -0.44, 389.49);48,25395;True;False;1;0,1494099;0,00;0,00;0,00;17;17;17;17;0;2,1;0,0;0,0;467,2;2009,9;86;3,30;0,00;True;False;4;Left;
LH22;12;Waypoint;1;35,1;1,638387;55,05255;49,82872;49,82872;133,6994;(-116.18, -0.44, 390.87);49,50211;True;False;1;0,1543194;0,00;0,00;0,00;17;17;17;17;0;2,2;0,0;0,0;467,2;2009,9;86;3,30;0,00;True;False;4;Left;
LH22;12;Waypoint;1;35,2;1,406512;53,64634;48,11446;48,11446;132,2931;(-116.55, -0.44, 392.04);48,44644;True;False;1;0,15615;0,00;0,00;0,00;17;17;17;17;0;2,3;0,0;0,0;467,2;2009,9;86;3,30;0,00;True;False;4;Left;
LH22;12;Waypoint;1;35,3;1,5983;52,04826;46,40012;46,40012;130,6951;(-116.97, -0.44, 393.37);48,29288;True;False;1;0,1608461;0,00;0,00;0,00;17;17;17;17;0;2,4;0,0;0,0;467,2;2009,9;86;3,30;0,00;True;False;4;Left;
LH22;12;Waypoint;1;35,4;1,640171;50,40833;44,68576;44,68576;129,0553;(-117.40, -0.44, 394.74);49,55571;True;False;1;0,1702547;0,00;0,00;0,00;17;17;17;17;0;2,5;0,0;0,0;467,2;2009,9;86;3,30;0,00;True;False;4;Left;
LH22;12;Waypoint;1;35,5;1,408433;49,00011;43,54282;43,54282;127,647;(-117.78, -0.44, 395.92);48,5396;True;False;1;0,1778381;0,00;0,00;0,00;17;17;17;17;0;2,6;0,0;0,0;467,2;2009,9;86;3,30;0,00;True;False;4;Left;
LH22;12;Waypoint;1;35,6;1,601561;47,39883;41,82854;41,82854;126,0459;(-118.20, -0.44, 397.25);48,38971;True;False;1;0,1890497;0,00;0,00;0,00;17;17;17;17;0;2,7;0,0;0,0;467,2;2009,9;86;3,30;0,00;True;False;4;Left;
LH22;12;Waypoint;1;35,7;1,642822;83,23003;77,59326;77,59326;124,4033;(-118.64, -0.44, 398.62);49,64556;True;False;1;0,202175;0,00;0,00;0,00;18;18;18;18;0;0,0;0,0;0,0;467,2;2009,9;86;3,30;0,00;True;False;4;Left;
LH22;12;Waypoint;1;35,8;1,395064;81,83504;76,45038;76,45038;123,0085;(-119.00, -0.44, 399.79);47,56664;True;False;1;0,2150167;0,00;0,00;0,00;18;18;18;18;0;0,1;0,0;0,0;467,2;2009,9;86;3,30;0,00;True;False;4;Left;
LH22;12;Waypoint;1;35,9;1,603649;80,23145;74,73612;74,73612;121,4053;(-119.43, -0.44, 401.12);48,46193;True;False;1;0,2257469;0,00;0,00;0,00;18;18;18;18;0;0,2;0,0;0,0;467,2;2009,9;86;3,30;0,00;True;False;4;Left;
LH22;12;Waypoint;1;36,0;1,645311;78,58614;73,02185;73,02185;119,7608;(-119.88, -0.44, 402.49);49,69347;True;False;1;0,2212367;0,00;0,00;0,00;18;18;18;18;0;0,3;0,0;0,0;467,2;2009,9;86;3,30;0,00;True;False;4;Left;
LH22;12;Waypoint;1;36,1;1,619256;76,9669;71,87898;71,87898;118,1424;(-120.33, -0.44, 403.83);48,36679;True;False;1;0,2144933;0,00;0,00;0,00;18;18;18;18;0;0,4;0,0;0,0;467,2;2009,9;86;3,30;0,00;True;False;4;Left;
LH22;12;Waypoint;1;36,2;1,375401;75,59151;70,16475;70,16475;116,7677;(-120.71, -0.44, 404.97);48,41462;True;False;1;0,2097151;0,00;0,00;0,00;18;18;18;18;0;0,5;0,0;0,0;467,2;2009,9;86;3,30;0,00;True;False;4;Left;
LH22;12;Waypoint;1;36,3;1,644095;73,94743;68,45039;68,45039;115,1245;(-121.16, -0.44, 406.34);49,67939;True;False;1;0,2060908;0,00;0,00;0,00;18;18;18;18;0;0,6;0,0;0,0;467,2;2009,9;86;3,30;0,00;True;False;4;Left;
LH22;12;Waypoint;1;36,4;1,619126;89,7425;84,72267;84,72267;113,5062;(-121.61, -0.44, 407.68);48,34289;True;False;1;0,2050534;0,00;0,00;0,00;19;19;19;19;0;0,1;0,0;0,0;467,2;2009,9;86;3,30;0,00;True;False;4;Left;
LH22;12;Waypoint;1;36,5;1,374566;88,36796;83,00826;83,00826;112,1324;(-121.99, -0.44, 408.83);48,38674;True;False;1;0,2075876;0,00;0,00;0,00;19;19;19;19;0;0,2;0,0;0,0;467,2;2009,9;86;3,30;0,00;True;False;4;Left;
LH22;12;Waypoint;1;36,6;1,642133;86,72584;81,06525;81,06525;110,4911;(-122.44, -0.44, 410.19);49,6245;True;False;1;0,2137401;0,00;0,00;0,00;19;19;19;19;0;0,3;0,0;0,0;467,2;2009,9;86;3,30;0,00;True;False;4;Left;
LH22;12;Waypoint;1;36,7;1,653686;85,07228;79,92236;79,92236;108,8386;(-122.90, -0.44, 411.56);49,67428;True;False;1;0,2135905;0,00;0,00;0,00;19;19;19;19;0;0,4;0,0;0,0;467,2;2009,9;86;3,30;0,00;True;False;4;Left;
LH22;12;Waypoint;1;36,8;1,609007;83,46342;78,77949;78,77949;107,2309;(-123.36, -0.44, 412.89);48,26616;True;False;1;0,2121236;0,00;0,00;0,00;19;19;19;19;0;0,5;0,0;0,0;467,2;2009,9;86;3,30;0,00;True;False;4;Left;
LH22;12;Waypoint;1;36,9;1,41191;82,05164;76,49372;76,49372;105,8201;(-123.75, -0.44, 414.06);49,69527;True;False;1;0,2092015;0,00;0,00;0,00;19;19;19;19;0;0,6;0,0;0,0;467,2;2009,9;86;3,30;0,00;True;False;4;Left;
LH22;12;Waypoint;1;37,0;1,616678;80,43512;75,35081;75,35081;104,2047;(-124.21, -0.44, 415.40);47,70267;True;False;1;0,2071231;0,00;0,00;0,00;19;19;19;19;0;0,7;0,0;0,0;467,2;2009,9;86;3,30;0,00;True;False;4;Left;
LH22;12;Waypoint;1;37,1;1,581161;78,85411;73,63644;73,63644;102,6248;(-124.65, -0.44, 416.71);47,41442;True;False;1;0,2054948;0,00;0,00;0,00;19;19;19;19;0;0,8;0,0;0,0;467,2;2009,9;86;3,30;0,00;True;False;4;Left;
LH22;12;Waypoint;1;37,2;1,388786;77,46545;71,92231;71,92231;101,2371;(-125.04, -0.44, 417.86);48,88054;True;False;1;0,203199;0,00;0,00;0,00;19;19;19;19;0;0,9;0,0;0,0;467,2;2009,9;86;3,30;0,00;True;False;4;Left;
LH22;12;Waypoint;1;37,3;1,659719;75,80589;70,77955;70,77955;99,57861;(-125.51, -0.44, 419.24);49,96799;True;False;1;0,2009176;0,00;0,00;0,00;19;19;19;19;0;1,0;0,0;0,0;467,2;2009,9;86;3,30;0,00;True;False;4;Left;
LH22;12;Waypoint;1;37,4;1,60027;94,31384;89,17977;89,17977;97,97951;(-125.96, -0.44, 420.57);47,44645;True;False;1;0,1985317;0,00;0,00;0,00;20;20;20;20;0;0,1;0,0;0,0;467,2;2009,9;86;3,30;0,00;True;False;4;Left;
LH22;12;Waypoint;1;37,5;1,388728;92,92539;87,46552;87,46552;96,5918;(-126.35, -0.44, 421.72);48,87522;True;False;1;0,1962607;0,00;0,00;0,00;20;20;20;20;0;0,2;0,0;0,0;467,2;2009,9;86;3,30;0,00;True;False;4;Left;
LH22;12;Waypoint;1;37,6;1,659552;91,26618;85,7513;85,7513;94,93348;(-126.81, -0.44, 423.09);49,9601;True;False;1;0,1934189;0,00;0,00;0,00;20;20;20;20;0;0,3;0,0;0,0;467,2;2009,9;86;3,30;0,00;True;False;4;Left;
LH22;12;Waypoint;1;37,7;1,600015;89,6665;84,60847;84,60847;93,33466;(-127.26, -0.44, 424.42);47,59955;True;False;1;0,1893927;0,00;0,00;0,00;20;20;20;20;0;0,4;0,0;0,0;467,2;2009,9;86;3,30;0,00;True;False;4;Left;
LH22;12;Waypoint;1;37,8;1,623253;88,0436;82,89415;82,89415;91,7127;(-127.72, -0.44, 425.76);48,69234;True;False;1;0,1840664;0,00;0,00;0,00;20;20;20;20;0;0,5;0,0;0,0;467,2;2009,9;86;3,30;0,00;True;False;4;Left;
LH22;12;Waypoint;1;37,9;1,424572;86,61936;81,17982;81,17982;90,28907;(-128.12, -0.44, 426.94);49,94664;True;False;1;0,1786159;0,00;0,00;0,00;20;20;20;20;0;0,6;0,0;0,0;467,2;2009,9;86;3,30;0,00;True;False;4;Left;
LH22;12;Waypoint;1;38,0;1,371423;85,24825;79,69486;79,69486;88,91868;(-128.50, -0.44, 428.08);47,59736;True;False;1;0,1725911;0,00;0,00;0,00;20;20;20;20;0;0,7;0,0;0,0;467,2;2009,9;86;3,30;0,00;True;False;4;Left;
LH22;12;Waypoint;1;38,1;1,617341;83,6313;77,98077;77,98077;87,30254;(-128.95, -0.44, 429.42);48,69227;True;False;1;0,1659313;0,00;0,00;0,00;20;20;20;20;0;0,8;0,0;0,0;467,2;2009,9;86;3,30;0,00;True;False;4;Left;
LH22;12;Waypoint;1;38,2;1,419995;82,21166;76,83791;76,83791;85,88356;(-129.35, -0.44, 430.60);49,97064;True;False;1;0,1610675;0,00;0,00;0,00;20;20;20;20;0;0,9;0,0;0,0;467,2;2009,9;86;3,30;0,00;True;False;4;Left;
LH22;12;Waypoint;1;38,3;1,603809;80,60828;75,12356;75,12356;84,28095;(-129.80, -0.44, 431.93);46,76518;True;False;1;0,157092;0,00;0,00;0,00;20;20;20;20;0;1,0;0,0;0,0;467,2;2009,9;86;3,30;0,00;True;False;4;Left;
LH22;12;Waypoint;1;38,4;1,588964;95,01323;89,40908;89,40908;82,69319;(-130.25, -0.44, 433.25);48,03067;True;False;1;0,1541249;0,00;0,00;0,00;21;21;21;21;0;0,1;0,0;0,0;467,2;2009,9;86;3,30;0,00;True;False;4;Left;
LH22;12;Waypoint;1;38,5;1,396161;93,61765;88,2663;88,2663;81,29806;(-130.64, -0.44, 434.40);49,15813;True;False;1;0,1505493;0,00;0,00;0,00;21;21;21;21;0;0,2;0,0;0,0;467,2;2009,9;86;3,30;0,00;True;False;4;Left;
LH22;12;Waypoint;1;38,6;1,654862;91,96349;86,55213;86,55213;79,64441;(-131.10, -0.44, 435.77);49,45858;True;False;1;0,1448304;0,00;0,00;0,00;21;21;21;21;0;0,3;0,0;0,0;467,2;2009,9;86;3,30;0,00;True;False;4;Left;
LH22;12;Waypoint;1;38,7;1,598877;90,36532;84,83797;84,83797;78,04675;(-131.55, -0.44, 437.10);48,30835;True;False;1;0,1394279;0,00;0,00;0,00;21;21;21;21;0;0,4;0,0;0,0;467,2;2009,9;86;3,30;0,00;True;False;4;Left;
LH22;12;Waypoint;1;38,8;1,404839;88,96111;83,69514;83,69514;76,64289;(-131.94, -0.44, 438.26);49,46175;True;False;1;0,1350618;0,00;0,00;0,00;21;21;21;21;0;0,5;0,0;0,0;467,2;2009,9;86;3,30;0,00;True;False;4;Left;
LH22;12;Waypoint;1;38,9;1,649688;87,31219;81,9807;81,9807;74,99445;(-132.41, -0.44, 439.63);48,67402;True;False;1;0,1303461;0,00;0,00;0,00;21;21;21;21;0;0,6;0,0;0,0;467,2;2009,9;86;3,30;0,00;True;False;4;Left;
LH22;12;Waypoint;1;39,0;1,608669;85,70429;80,26623;80,26623;73,38692;(-132.86, -0.44, 440.97);48,62526;True;False;1;0,1255091;0,00;0,00;0,00;21;21;21;21;0;0,7;0,0;0,0;467,2;2009,9;86;3,30;0,00;True;False;4;Left;
LH22;12;Waypoint;1;39,1;1,651929;84,05321;79,12325;79,12325;71,73616;(-133.32, -0.44, 442.33);49,55325;True;False;1;0,1199188;0,00;0,00;0,00;21;21;21;21;0;0,8;0,0;0,0;471,1;2009,9;86;3,30;0,00;True;False;4;Left;
LH22;12;Waypoint;1;39,2;1,384266;82,66963;77,40878;77,40878;70,35295;(-133.71, -0.44, 443.48);47,4248;True;False;1;0,1158049;0,00;0,00;0,00;21;21;21;21;0;0,9;0,0;0,0;492,8;2013,8;86;3,30;0,00;True;False;4;Left;
LH22;12;Waypoint;1;39,3;1,611026;81,05944;75,6944;75,6944;68,74296;(-134.16, -0.44, 444.82);48,69833;True;False;1;0,1113396;0,00;0,00;0,00;21;21;21;21;0;1,0;0,0;0,0;512,2;2035,5;86;3,30;0,00;True;False;4;Left;
LH22;12;Waypoint;1;39,4;1,653674;79,40663;73,97994;73,97994;67,09045;(-134.62, -0.44, 446.19);49,81353;True;False;1;0,106146;0,00;0,00;0,00;21;21;21;21;0;1,1;0,0;0,0;522,5;2054,9;86;3,30;0,00;True;False;4;Left;
LH22;12;Waypoint;1;39,5;1,385256;78,02212;72,83695;72,83695;65,70609;(-135.01, -0.44, 447.34);47,47724;True;False;1;0,10161;0,00;0,00;0,00;21;21;21;21;0;1,2;0,0;0,0;531,2;2065,2;86;3,30;0,00;True;False;4;Left;
LH22;12;Waypoint;1;39,6;1,612369;76,41066;71,12248;71,12248;64,09491;(-135.46, -0.44, 448.68);48,73065;True;False;1;0,09540059;0,00;0,00;0,00;21;21;21;21;0;1,3;0,0;0,0;534,3;2073,9;86;3,30;0,00;True;False;4;Left;
LH22;12;Waypoint;1;39,7;1,653826;74,75777;69,408;69,408;62,44212;(-135.92, -0.44, 450.05);49,80239;True;False;1;0,08635606;0,00;0,00;0,00;21;21;21;21;0;1,4;0,0;0,0;534,3;2077,0;86;3,30;0,00;True;False;4;Left;
LH22;12;Waypoint;1;39,8;1,38376;73,37446;67,69354;67,69354;61,05892;(-136.29, -0.44, 451.20);47,42633;True;False;1;0,08907219;0,00;0,00;0,00;21;21;21;21;0;1,5;0,0;0,0;534,3;2077,0;86;3,30;0,00;True;False;4;Left;
LH22;12;Waypoint;1;39,9;1,610023;71,76479;66,43768;66,43768;59,44934;(-136.72, -0.44, 452.54);48,65497;True;False;1;0,09581583;0,00;0,00;0,00;21;21;21;21;0;1,6;0,0;0,0;534,3;2077,0;86;3,30;0,00;True;False;4;Left;
LH22;12;Waypoint;1;40,0;1,651022;70,11404;64,72341;64,72341;57,79859;(-137.16, -0.44, 453.92);49,71738;True;False;1;0,09839834;0,00;0,00;0,00;21;21;21;21;0;1,7;0,0;0,0;534,3;2077,0;86;3,30;0,00;True;False;4;Left;
LH22;12;Waypoint;1;40,1;1,595859;68,51838;63,58059;63,58059;56,20297;(-137.58, -0.44, 455.25);46,69401;True;False;1;0,09745775;0,00;0,00;0,00;21;21;21;21;0;1,8;0,0;0,0;534,3;2077,0;86;3,30;0,00;True;False;4;Left;
LH22;12;Waypoint;1;40,2;1,579201;66,93939;61,86633;61,86633;54,62395;(-137.99, -0.44, 456.57);47,37595;True;False;1;0,09370963;0,00;0,00;0,00;21;21;21;21;0;1,9;0,0;0,0;534,3;2077,0;86;3,30;0,00;True;False;4;Left;
LH22;12;Waypoint;1;40,3;1,153424;65,78614;60,15207;60,15207;53,47078;(-138.29, -0.44, 457.53);48,62452;True;False;1;0,08915521;0,00;0,00;0,00;21;21;21;21;0;2,0;0,0;0,0;534,3;2077,0;86;3,30;0,00;True;False;4;Left;
LH22;12;Waypoint;1;40,4;1,651035;64,13538;58,43776;58,43776;51,82003;(-138.73, -0.44, 458.91);49,87606;True;False;1;0,07474419;0,00;0,00;0,00;21;21;21;21;0;2,1;0,0;0,0;534,3;2077,0;86;3,30;0,00;True;False;4;Left;
LH22;12;Waypoint;1;40,5;1,61264;62,52305;57,29489;57,29489;50,20768;(-139.15, -0.44, 460.25);47,64595;True;False;1;0,04903745;0,00;0,00;0,00;21;21;21;21;0;2,2;0,0;0,0;534,3;2077,0;86;3,30;0,00;True;False;4;Left;
LH22;12;Waypoint;1;40,6;1,384887;61,13841;55,58059;55,58059;48,82303;(-139.52, -0.44, 461.41);48,73962;True;False;1;0,02954544;0,00;0,00;0,00;21;21;21;21;0;2,3;0,0;0,0;534,3;2077,0;86;3,30;0,00;True;False;4;Left;
LH22;12;Waypoint;1;40,7;1,653731;59,48505;53,86626;53,86626;47,16953;(-139.96, -0.44, 462.79);49,97386;True;False;1;0,04643306;0,00;0,00;0,00;21;21;21;21;0;2,4;0,0;0,0;534,3;2077,0;86;3,30;0,00;True;False;4;Left;
LH22;12;Waypoint;1;40,8;1,612;57,87342;52,72342;52,72342;45,55791;(-140.38, -0.44, 464.13);47,61197;True;False;1;0,09248614;0,00;0,00;0,00;21;21;21;21;0;2,5;0,0;0,0;534,3;2077,0;86;3,30;0,00;True;False;4;Left;
LH22;12;Waypoint;1;40,9;1,617406;56,25642;51,00912;51,00912;43,94077;(-140.81, -0.44, 465.48);48,51456;True;False;1;0,1445821;0,00;0,00;0,00;21;21;21;21;0;2,6;0,0;0,0;534,3;2077,0;86;3,30;0,00;True;False;4;Left;
LH22;12;Waypoint;1;41,0;1,419113;54,83767;49,29481;49,29481;42,52195;(-141.18, -0.44, 466.67);49,93523;True;False;1;0,1920772;0,00;0,00;0,00;21;21;21;21;0;2,7;0,0;0,0;534,3;2077,0;86;3,30;0,00;True;False;4;Left;
LH22;12;Waypoint;1;41,1;1,603252;53,23486;47,58051;47,58051;40,91891;(-141.61, -0.44, 468.00);46,76521;True;False;1;0,2471204;0,00;0,00;0,00;21;21;21;21;0;2,8;0,0;0,0;534,3;2077,0;86;3,30;0,00;True;False;4;Left;
LH22;12;Waypoint;1;41,2;1,588307;51,64702;46,43756;46,43756;39,33102;(-142.03, -0.44, 469.33);47,63763;True;False;1;0,302724;0,00;0,00;0,00;21;21;21;21;0;2,9;0,0;0,0;534,3;2077,0;86;3,30;0,00;True;False;4;Left;
LH22;12;Waypoint;1;41,3;1,394547;50,2529;44,72315;44,72315;37,93664;(-142.40, -0.44, 470.49);49,08681;True;False;1;0,3516875;0,00;0,00;0,00;21;21;21;21;0;3,0;0,0;0,0;534,3;2077,0;86;3,30;0,00;True;False;4;Left;
LH22;12;Waypoint;1;41,4;1,65977;48,59368;43,0088;43,0088;36,27729;(-142.84, -0.44, 471.88);50,3269;True;False;1;0,4098351;0,00;0,00;0,00;21;21;21;21;0;3,1;0,0;0,0;534,3;2077,0;86;3,30;0,00;True;False;4;Left;
LH22;12;Waypoint;1;41,5;1,595599;46,99864;41,86596;41,86596;34,682;(-143.26, -0.44, 473.21);47,78482;True;False;1;0,5539404;0,00;0,00;0,00;21;21;21;21;0;3,2;0,0;0,0;534,3;2077,0;86;3,30;0,00;True;False;4;Left;
LH22;12;Waypoint;1;41,6;1,628732;45,37052;40,15175;40,15175;33,05352;(-143.69, -0.44, 474.56);48,87066;True;False;1;0,339019;0,00;0,00;0,00;21;21;21;21;0;3,3;0,0;0,0;534,3;2077,0;86;3,30;0,00;True;False;4;Left;
LH22;12;Waypoint;1;41,7;1,423944;43,94715;38,67224;38,67224;31,62989;(-144.06, -0.44, 475.75);50,30021;True;False;1;0,2365725;0,00;0,00;0,00;21;21;21;21;0;3,4;0,0;0,0;534,3;2077,0;86;3,30;0,00;True;False;4;Left;
LH22;12;Waypoint;1;41,8;1,59444;42,3534;36,95785;36,95785;30,03576;(-144.49, -0.44, 477.08);47,75153;True;False;1;0,1484173;0,00;0,00;0,00;21;21;21;21;0;3,5;0,0;0,0;534,3;2077,0;86;3,30;0,00;True;False;4;Left;
LH22;12;Waypoint;1;41,9;1,627243;40,72691;35,2435;35,2435;28,40887;(-144.92, -0.44, 478.44);48,82733;True;False;1;0,1531626;0,00;0,00;0,00;21;21;21;21;0;3,6;0,0;0,0;534,3;2077,0;86;3,30;0,00;True;False;4;Left;
LH22;12;Waypoint;1;42,0;1,422054;39,30541;33,52928;33,52928;26,987;(-145.29, -0.44, 479.63);50,22789;True;False;1;0,1821716;0,00;0,00;0,00;21;21;21;21;0;3,7;0,0;0,0;534,3;2077,0;86;3,30;0,00;True;False;4;Left;
LH22;12;Waypoint;1;42,1;1,591743;37,71386;32,38642;32,38642;25,39534;(-145.69, -0.44, 480.96);47,67728;True;False;1;0,1957652;0,00;0,00;0,00;21;21;21;21;0;3,8;0,0;0,0;534,3;2077,0;86;3,30;0,00;True;False;4;Left;
LH22;12;Waypoint;1;42,2;1,620719;36,09327;30,67212;30,67212;23,7746;(-146.09, -0.44, 482.32);48,76597;True;False;1;0,1975577;0,00;0,00;0,00;21;21;21;21;0;3,9;0,0;0,0;534,3;2077,0;86;3,30;0,00;True;False;4;Left;
LH22;12;Waypoint;1;42,3;1,273596;34,81977;29,52922;29,52922;22,50097;(-146.40, -0.44, 483.39);43,0784;True;False;1;0,1965768;0,00;0,00;0,00;21;21;21;21;0;4,0;0,0;0,0;534,3;2077,0;86;3,30;0,00;True;False;4;Left;
LH22;12;Waypoint;1;42,4;1,313412;33,50647;28,38632;28,38632;21,18764;(-146.72, -0.44, 484.49);38,67353;True;False;1;0,1957335;0,00;0,00;0,00;21;21;21;21;0;4,1;0,0;0,0;534,3;2077,0;86;3,30;0,00;True;False;4;Left;
LH22;12;Waypoint;1;42,5;1,145159;32,36142;27,81496;27,81496;20,04251;(-147.01, -0.44, 485.46);34,05459;True;False;1;0,1953991;0,00;0,00;0,00;21;21;21;21;0;4,2;0,0;0,0;534,3;2077,0;86;3,30;0,00;True;False;4;Left;
LH22;12;Waypoint;1;42,6;0,8869166;31,4746;26,67198;26,67198;19,15563;(-147.23, -0.44, 486.20);30,4856;True;False;1;0,195664;0,00;0,00;0,00;21;21;21;21;0;4,3;0,0;0,0;534,3;2077,0;86;3,30;0,00;True;False;4;Left;
LH22;12;Waypoint;1;42,7;0,9152223;30,55948;26,10049;26,10049;18,24051;(-147.45, -0.44, 486.97);26,91525;True;False;1;0,1957688;0,00;0,00;0,00;21;21;21;21;0;4,4;0,0;0,0;534,3;2077,0;86;3,30;0,00;True;False;4;Left;
LH22;12;Waypoint;1;42,8;0,8269795;29,73262;25,529;25,529;17,41357;(-147.66, -0.44, 487.66);24,257;True;False;1;0,1965641;0,00;0,00;0,00;21;21;21;21;0;4,5;0,0;0,0;534,3;2077,0;86;3,30;0,00;True;False;4;Left;
LH22;12;Waypoint;1;42,9;0,6330611;29,09965;24,95749;24,95749;16,78055;(-147.82, -0.44, 488.19);21,693;True;False;1;0,1973579;0,00;0,00;0,00;21;21;21;21;0;4,6;0,0;0,0;534,3;2077,0;86;3,30;0,00;True;False;4;Left;
LH22;12;Waypoint;1;43,0;0,6864695;28,41328;24,386;24,386;16,09399;(-147.99, -0.44, 488.77);19,89981;True;False;1;0,1978098;0,00;0,00;0,00;21;21;21;21;0;4,7;0,0;0,0;534,3;2077,0;86;3,30;0,00;True;False;4;Left;
LH22;12;Waypoint;1;43,1;0,6397514;27,77363;23,81454;23,81454;15,45432;(-148.14, -0.44, 489.31);19,21221;True;False;1;0,1990916;0,00;0,00;0,00;21;21;21;21;0;4,8;0,0;0,0;534,3;2077,0;86;3,30;0,00;True;False;4;Left;
LH22;12;Waypoint;1;43,2;0,6447174;27,12897;23,24314;23,24314;14,80967;(-148.30, -0.44, 489.85);19,34875;True;False;1;0,1969731;0,00;0,00;0,00;21;21;21;21;0;4,9;0,0;0,0;534,3;2077,0;86;3,30;0,00;True;False;4;Left;
LH22;12;Waypoint;1;43,3;0,4641892;26,66482;22,67173;22,67173;14,34558;(-148.42, -0.44, 490.24);19,5126;True;False;1;0,1951032;0,00;0,00;0,00;21;21;21;21;0;5,0;0,0;0,0;534,3;2077,0;86;3,30;0,00;True;False;4;Left;
LH22;12;Waypoint;1;43,4;0,6541921;26,01068;22,10033;22,10033;13,69134;(-148.57, -0.44, 490.79);19,67478;True;False;1;0,1917883;0,00;0,00;0,00;21;21;21;21;0;5,1;0,0;0,0;534,3;2077,0;86;3,30;0,00;True;False;4;Left;
LH22;12;Waypoint;1;43,5;0,659618;25,35113;21,52892;21,52892;13,03187;(-148.74, -0.44, 491.34);19,835;True;False;1;0,1883343;0,00;0,00;0,00;21;21;21;21;0;5,2;0,0;0,0;534,3;2077,0;86;3,30;0,00;True;False;4;Left;
LH22;12;Waypoint;1;43,6;0,5694299;24,78174;20,6851;20,6851;12,46246;(-148.87, -0.44, 491.82);19,96367;True;False;1;0,1829489;0,00;0,00;0,00;21;21;21;21;0;5,3;0,0;0,0;534,3;2077,0;86;3,30;0,00;True;False;4;Left;
LH22;12;Waypoint;1;43,7;0,6333618;24,14839;20,11364;20,11364;11,82916;(-149.02, -0.44, 492.35);17,83426;True;False;1;0,1735272;0,00;0,00;0,00;21;21;21;21;0;5,4;0,0;0,0;534,3;2077,0;86;3,30;0,00;True;False;4;Left;
LH22;12;Waypoint;1;43,8;0,5991443;23,54929;19,54217;19,54217;11,2301;(-149.17, -0.44, 492.86);18,00423;True;False;1;0,1668558;0,00;0,00;0,00;21;21;21;21;0;5,5;0,0;0,0;534,3;2077,0;86;3,30;0,00;True;False;4;Left;
LH22;12;Waypoint;1;43,9;0,6044978;22,94482;18,97072;18,97072;10,62577;(-149.31, -0.44, 493.37);18,13376;True;False;1;0,1600302;0,00;0,00;0,00;21;21;21;21;0;5,6;0,0;0,0;534,3;2077,0;86;3,30;0,00;True;False;4;Left;
LH22;12;Waypoint;1;44,0;0,5228922;22,42197;18,39928;18,39928;10,10294;(-149.44, -0.44, 493.81);18,3386;True;False;1;0,1549807;0,00;0,00;0,00;21;21;21;21;0;5,7;0,0;0,0;534,3;2077,0;86;3,30;0,00;True;False;4;Left;
LH22;12;Waypoint;1;44,1;0,6154982;21,80652;17,82784;17,82784;9,487572;(-149.59, -0.44, 494.32);18,51581;True;False;1;0,150279;0,00;0,00;0,00;21;21;21;21;0;5,8;0,0;0,0;534,3;2077,0;86;3,30;0,00;True;False;4;Left;
LH22;12;Waypoint;1;44,2;0,6213714;21,1852;17,25639;17,25639;8,866266;(-149.74, -0.44, 494.85);18,66482;True;False;1;0,1463477;0,00;0,00;0,00;21;21;21;21;0;5,9;0,0;0,0;534,3;2077,0;86;3,30;0,00;True;False;4;Left;
LH22;12;Waypoint;1;44,3;0,6273113;20,55794;16,68495;16,68495;8,239134;(-149.89, -0.44, 495.37);18,83749;True;False;1;0,1428879;0,00;0,00;0,00;21;21;21;21;0;6,0;0,0;0,0;534,3;2077,0;86;3,30;0,00;True;False;4;Left;
LH22;12;Waypoint;1;44,4;0,6326677;19,92533;16,1135;16,1135;7,6065;(-150.04, -0.44, 495.91);18,98318;True;False;1;0,1413939;0,00;0,00;0,00;21;21;21;21;0;6,1;0,0;0,0;534,3;2077,0;86;3,30;0,00;True;False;4;Left;
LH22;12;Waypoint;1;44,5;0,455477;19,4699;15,54211;15,54211;7,151195;(-150.15, -0.44, 496.29);19,15261;True;False;1;0,1414681;0,00;0,00;0,00;21;21;21;21;0;6,2;0,0;0,0;534,3;2077,0;86;3,30;0,00;True;False;4;Left;
LH22;12;Waypoint;1;44,6;0,6424532;18,82753;14,97075;14,97075;6,50884;(-150.31, -0.44, 496.83);19,32001;True;False;1;0,1438595;0,00;0,00;0,00;21;21;21;21;0;6,3;0,0;0,0;534,3;2077,0;86;3,30;0,00;True;False;4;Left;
LH22;12;Waypoint;1;44,7;0,6479707;18,17964;13,82801;13,82801;5,861119;(-150.47, -0.44, 497.37);19,48445;True;False;1;0,147496;0,00;0,00;0,00;21;21;21;21;0;6,4;0,0;0,0;534,3;2077,0;86;3,30;0,00;True;False;4;Left;
LH22;12;Waypoint;1;44,8;0,6533459;17,52638;13,82801;13,82801;5,207923;(-150.62, -0.44, 497.92);19,60095;True;False;1;0,1525761;0,00;0,00;0,00;21;21;21;21;0;6,5;0,0;0,0;534,3;2077,0;86;3,30;0,00;True;False;4;Left;
LH22;12;Waypoint;1;44,9;0,5644966;16,96197;12,68528;12,68528;4,643632;(-150.76, -0.44, 498.40);19,78417;True;False;1;0,1574842;0,00;0,00;0,00;21;21;21;21;0;6,6;0,0;0,0;534,3;2077,0;86;3,30;0,00;True;False;4;Left;
LH22;12;Waypoint;1;45,0;0,6630697;16,29899;12,11381;12,11381;3,980911;(-150.92, -0.44, 498.96);19,94571;True;False;1;0,1617886;0,00;0,00;0,00;21;21;21;21;0;6,7;0,0;0,0;534,3;2077,0;86;3,30;0,00;True;False;4;Left;
LH22;12;Waypoint;1;45,1;0,646056;15,65304;11,54232;11,54232;3,335229;(-151.08, -0.44, 499.50);19,26509;True;False;1;0,1676017;0,00;0,00;0,00;21;21;21;21;0;6,8;0,0;0,0;534,3;2077,0;86;3,30;0,00;True;False;4;Left;
LH22;12;Waypoint;1;45,2;0,603206;15,04994;10,97083;10,97083;2,732497;(-151.22, -0.44, 500.01);18,07997;True;False;1;0,1748167;0,00;0,00;0,00;21;21;21;21;0;6,9;0,0;0,0;534,3;2077,0;86;3,30;0,00;True;False;4;Left;
LH22;12;Waypoint;1;45,3;0,521503;14,52853;10,39933;10,39933;2,211523;(-151.35, -0.44, 500.45);18,2876;True;False;1;0,1810874;0,00;0,00;0,00;21;21;21;21;0;7,0;0,0;0,0;534,3;2077,0;86;3,30;0,00;True;False;4;Left;
LH22;12;Waypoint;1;45,4;0,6138493;13,91479;9,827835;9,827835;1,598456;(-151.50, -0.44, 500.96);18,43786;True;False;1;0,1870806;0,00;0,00;0,00;21;21;21;21;0;7,1;0,0;0,0;534,3;2077,0;86;3,30;0,00;True;False;4;Left;
LH22;12;Waypoint;1;45,5;0,6190938;13,29577;9,256341;9,256341;0,9805142;(-151.64, -0.44, 501.48);18,60519;True;False;1;0,189762;0,00;0,00;0,00;21;21;21;21;0;7,2;0,0;0,0;534,3;2077,0;86;3,30;0,00;True;False;4;Left;
LH22;12;Waypoint;1;45,6;0,6252051;12,67066;8,684978;8,684978;0,3571211;(-151.79, -0.44, 502.01);18,75526;True;False;1;0,1923215;0,00;0,00;0,00;21;21;21;21;0;7,3;0,0;0,0;534,3;2077,0;86;3,30;0,00;True;False;4;Left;
LH22;12;Waypoint;1;45,6;0,2697296;12,40098;8,684978;8,684978;0,0885443;(-151.86, -0.44, 502.24);18,85247;True;True;1;0,1933945;0,00;0,00;0,00;21;21;21;21;0;7,3;0,0;0,0;534,3;2077,0;86;3,30;0,00;True;False;4;Left;
